file,shape,vowel,dur_norm,F1,F2,F3,frame,syllable,stress
ba:pəx.TextGrid,CV:Cax,a:,169.4630872,774.024723,1503.986532,2737.11296,1,1,1
ba:pəx.TextGrid,CV:Cax,ə,21.81208054,475.5159885,1362.685831,2929.440778,1,2,0
ba:pəx.TextGrid,CV:Cax,a:,193.7956204,558.061099,1337.098378,2463.906413,2,1,1
ba:pəx.TextGrid,CV:Cax,ə,33.94160584,516.4104031,880.3575409,2465.085198,2,2,0
ba:pəx-2.TextGrid,CV:Cax,a:,164.6341463,605.9901755,1185.448267,2389.442306,1,1,1
ba:pəx-2.TextGrid,CV:Cax,ə,59.95934959,593.5817019,1157.433934,2491.647872,1,2,0
ba:pəx-2.TextGrid,CV:Cax,a:,190.8,577.2962491,1421.068725,2557.233351,2,1,1
ba:pəx-2.TextGrid,CV:Cax,ə,48,547.7026452,1229.144959,2802.322506,2,2,0
ba:pəx-3.TextGrid,CV:Cax,a:,150.8491508,701.8907216,1332.869993,2616.132531,1,1,1
ba:pəx-3.TextGrid,CV:Cax,ə,39.96003996,600.1184854,1034.178712,2696.490359,1,2,0
ba:pəx-3.TextGrid,CV:Cax,a:,136.196319,696.1262359,1466.512463,2736.042401,2,1,1
ba:pəx-3.TextGrid,CV:Cax,,,,,,2,2,0
ba:su:.TextGrid,CV:CV:,a:,151.9861831,607.308722,1197.778661,2333.420038,1,1,1
ba:su:.TextGrid,CV:CV:,u:,234.8877375,311.1049117,926.297494,3077.757303,1,2,0
ba:su:.TextGrid,CV:CV:,a:,223.0188679,521.2329934,1173.313714,2510.094214,2,1,1
ba:su:.TextGrid,CV:CV:,u:,207.1698113,332.6016846,1038.433061,3039.974987,2,2,0
ba:su:-2.TextGrid,CV:CV:,a:,191.6038751,634.0855959,1396.397726,2412.413826,1,1,1
ba:su:-2.TextGrid,CV:CV:,u:,238.9666308,367.9571212,1036.345778,2884.927232,1,2,0
ba:su:-2.TextGrid,CV:CV:,a:,164.6103896,518.5260927,1355.157798,2624.259029,2,1,1
ba:su:-2.TextGrid,CV:CV:,u:,170.4545455,366.2325383,1121.650087,2590.524612,2,2,0
ba:su:-3.TextGrid,CV:CV:,a:,157.7253219,575.6619179,1630.919495,2719.718233,1,1,1
ba:su:-3.TextGrid,CV:CV:,u:,444.2060086,358.833799,1174.607209,2668.007563,1,2,0
ba:su:-3.TextGrid,CV:CV:,a:,148.75,594.2827139,1603.251264,2578.868977,2,1,1
ba:su:-3.TextGrid,CV:CV:,u:,348.75,442.0850189,1304.29764,2680.213812,2,2,0
bahu:.TextGrid,CVCV:,a,100.4901961,546.8043499,1391.081512,2542.273368,1,1,0
bahu:.TextGrid,CVCV:,u:,189.5424837,343.1572715,1073.340006,2836.849333,1,2,1
bahu:.TextGrid,CVCV:,a,109.1803279,571.6831099,1544.64175,2784.346976,2,1,0
bahu:.TextGrid,CVCV:,u:,215.4098361,372.1041728,1179.765011,2603.175319,2,2,1
bahu:-2.TextGrid,CVCV:,a,169.7099893,617.3926137,1560.719883,2785.25591,1,1,0
bahu:-2.TextGrid,CVCV:,u:,243.8238453,499.5916107,1428.473494,2565.212065,1,2,1
bahu:-2.TextGrid,CVCV:,a,151.590106,599.0596424,1541.702338,2660.176542,2,1,0
bahu:-2.TextGrid,CVCV:,u:,235.335689,416.7870471,1200.66209,2579.133869,2,2,1
bahu:-3.TextGrid,CVCV:,a,165.1884701,584.9942656,1464.127834,2430.49628,1,1,0
bahu:-3.TextGrid,CVCV:,u:,277.1618625,485.205282,1313.123828,2582.682405,1,2,1
bahu:-3.TextGrid,CVCV:,a,160.3846154,636.7623541,1570.969904,2638.495143,2,1,0
bahu:-3.TextGrid,CVCV:,u:,238.8461538,316.7034473,1021.859968,2386.416448,2,2,1
batə.TextGrid,CVCV,a,129.8701299,594.5452301,1326.563499,2501.416937,1,1,1
batə.TextGrid,CVCV,ə,195.9858323,617.9423362,1733.776722,2859.665932,1,2,0
batə.TextGrid,CVCV,a,153.0364372,569.935178,1481.786477,2690.011895,2,1,1
batə.TextGrid,CVCV,ə,137.2469636,381.2326869,1217.515621,2520.153921,2,2,0
batə-2.TextGrid,CVCV,a,127.1617497,640.1094506,1406.890444,2637.217224,1,1,1
batə-2.TextGrid,CVCV,ə,104.7812818,388.9020074,1462.52624,2679.510923,1,2,0
batə-2.TextGrid,CVCV,a,137.0689655,787.2352274,1563.670184,2868.416361,2,1,1
batə-2.TextGrid,CVCV,ə,107.3275862,419.0948642,1467.346796,2767.266993,2,2,0
batə-3.TextGrid,CVCV,a,129.3013556,777.0171133,1418.134878,2917.477734,1,1,1
batə-3.TextGrid,CVCV,ə,94.89051095,365.5293719,1560.378445,2791.453066,1,2,0
batə-3.TextGrid,CVCV,a,142.1052632,817.2460277,1634.041462,2862.73572,2,1,1
batə-3.TextGrid,CVCV,ə,119.0283401,455.2879913,1640.836598,2931.503518,2,2,0
baxtə.TextGrid,CaxCV,a,68.28528073,840.0413688,1501.836508,2567.936334,1,1,1
baxtə.TextGrid,CaxCV,ə,97.87556904,609.0744941,1654.023827,3010.571068,1,2,0
baxtə.TextGrid,CaxCV,a,78.30188679,731.6539774,1479.886957,2839.110659,2,1,1
baxtə.TextGrid,CaxCV,ə,139.6226415,507.5572437,1617.489541,2838.771972,2,2,0
baxtə-2.TextGrid,CaxCV,a,76.99901283,696.8598747,1508.861429,2637.135616,1,1,1
baxtə-2.TextGrid,CaxCV,ə,57.25567621,569.8988037,1671.583849,2822.151555,1,2,0
baxtə-2.TextGrid,CaxCV,a,111.3207547,628.288705,1558.445559,2902.14961,2,1,1
baxtə-2.TextGrid,CaxCV,ə,116.9811321,481.7800118,1380.642981,2757.540607,2,2,0
baxtə-3.TextGrid,CaxCV,a,93.41199607,597.452377,1183.406294,2629.732735,1,1,1
baxtə-3.TextGrid,CaxCV,ə,104.2281219,622.909291,1739.059329,3073.241319,1,2,0
baxtə-3.TextGrid,CaxCV,a,126.5060241,697.0549571,1570.673174,2767.696461,2,1,1
baxtə-3.TextGrid,CaxCV,ə,112.0481928,379.9670216,1216.152095,2499.652233,2,2,0
baxtə-4.TextGrid,CaxCV,a,113.9380531,672.2582029,1432.591679,2780.701959,1,1,1
baxtə-4.TextGrid,CaxCV,ə,151.5486726,424.8173335,1327.97481,2533.463968,1,2,0
baxtə-4.TextGrid,CaxCV,a,130.2631579,744.4433389,1749.758245,2943.367575,2,1,1
baxtə-4.TextGrid,CaxCV,ə,157.8947368,670.9503847,1742.472177,2937.231762,2,2,0
baxtəx.TextGrid,CaxCax,a,,746.39014,1604.841086,2788.465656,1,1,1
baxtəx.TextGrid,CaxCax,ə,,528.1281437,1588.804712,2855.022596,1,2,0
baxtəx.TextGrid,CaxCax,a,,647.0839308,1173.340638,2837.487169,2,1,1
baxtəx.TextGrid,CaxCax,ə,,499.7792284,1446.054495,2308.538013,2,2,0
baxtəx-2.TextGrid,CaxCax,a,103.9387309,710.9841844,1317.68751,2460.218052,1,1,1
baxtəx-2.TextGrid,CaxCax,ə,97.37417943,517.903888,1280.781151,2711.024996,1,2,0
baxtəx-2.TextGrid,CaxCax,a,114.7368421,690.3959561,1366.360018,2518.362419,2,1,1
baxtəx-2.TextGrid,CaxCax,ə,75.78947368,576.6654298,1419.439331,2807.306687,2,2,0
baxtəx-3.TextGrid,CaxCax,a,119.5779601,752.2218932,1506.958943,2688.888708,1,1,1
baxtəx-3.TextGrid,CaxCax,ə,99.64830012,711.2273041,1597.92471,2669.456682,1,2,0
baxtəx-3.TextGrid,CaxCax,a,138.1889764,749.5886914,1679.470163,2862.522572,2,1,1
baxtəx-3.TextGrid,CaxCax,ə,82.67716535,575.6511641,1294.401196,2662.237759,2,2,0
baxto.TextGrid,CaxCV,a,123.1884058,653.0253182,1461.84703,2622.489139,1,1,1
baxto.TextGrid,CaxCV,o,335.7487923,486.2345251,1311.999715,2693.715066,1,2,0
baxto.TextGrid,CaxCV,a,112.6482213,697.31652,1534.032762,2567.665257,2,1,1
baxto.TextGrid,CaxCV,o,341.5019763,438.7483723,1264.374008,2640.669197,2,2,0
baxto-2.TextGrid,CaxCV,a,72.29894395,781.7101911,1559.572065,2762.337939,1,1,1
baxto-2.TextGrid,CaxCV,o,198.2128351,446.7531132,1180.757143,2574.927059,1,2,0
baxto-2.TextGrid,CaxCV,a,91.15384615,698.7987232,1596.290622,2739.081386,2,1,1
baxto-2.TextGrid,CaxCV,o,225,473.6018548,1190.79659,2779.744643,2,2,0
baxtu:.TextGrid,CaxCV:,a,100.2066116,673.4026548,1375.859621,2706.672559,1,1,0
baxtu:.TextGrid,CaxCV:,u:,304.7520661,343.145946,1102.559388,2901.513115,1,2,1
baxtu:.TextGrid,CaxCV:,a,87.30650155,589.448946,1378.083268,2668.343542,2,1,0
baxtu:.TextGrid,CaxCV:,u:,183.9009288,357.9932013,1043.657269,2987.151986,2,2,1
baxtu:-2.TextGrid,CaxCV:,a,84.7107438,678.5988299,1427.742326,2758.848626,1,1,0
baxtu:-2.TextGrid,CaxCV:,u:,259.2975207,370.9091031,1225.069901,2756.57304,1,2,1
baxtu:-2.TextGrid,CaxCV:,a,114.2307692,700.4561352,1599.275403,2723.157099,2,1,0
baxtu:-2.TextGrid,CaxCV:,u:,244.6153846,383.627284,1252.135754,2741.025575,2,2,1
baxtu:-3.TextGrid,CaxCV:,a,113.1868132,710.617152,1391.051417,2626.392178,1,1,0
baxtu:-3.TextGrid,CaxCV:,u:,273.6263736,403.393293,1260.846146,2818.442719,1,2,1
baxtu:-3.TextGrid,CaxCV:,a,123.8095238,609.6426426,1565.083528,2739.294096,2,1,0
baxtu:-3.TextGrid,CaxCV:,u:,289.2857143,396.7184352,1372.983269,2529.432638,2,2,1
bəkax.TextGrid,CVCax,ə,38.25136612,491.1594478,1100.497805,2525.312349,1,1,0
bəkax.TextGrid,CVCax,a,165.0273224,520.9023632,1299.71061,2635.604843,1,2,1
bəkax.TextGrid,CVCax,ə,35.49618321,423.9718618,1316.184483,2920.992968,2,1,0
bəkax.TextGrid,CVCax,a,155.7251908,630.606388,1418.324597,2550.246285,2,2,1
bekax-2.TextGrid,CVCax,ə,47.94520548,515.1308127,1311.159458,2450.279483,1,1,0
bekax-2.TextGrid,CVCax,a,103.8812785,569.390245,1313.116969,2611.297516,1,2,1
bekax-2.TextGrid,CVCax,ə,36.8852459,334.9570698,1151.983403,2892.298929,2,1,0
bekax-2.TextGrid,CVCax,a,154.9180328,602.9891386,1402.028108,2591.176586,2,2,1
bəkax-3.TextGrid,CVCax,ə,39.76721629,496.885588,1297.409058,2733.795304,1,1,0
bəkax-3.TextGrid,CVCax,a,117.3617847,725.7511686,1512.535296,2734.216123,1,2,1
bəkax-3.TextGrid,CVCax,ə,30.73770492,407.8767769,1249.669363,2602.963119,2,1,0
bəkax-3.TextGrid,CVCax,a,180.7377049,616.8234724,1479.708421,2649.485364,2,2,1
bəkax-4.TextGrid,CVCax,ə,39.12543153,455.913564,1326.256412,2832.973957,1,1,0
bəkax-4.TextGrid,CVCax,a,182.9689298,693.4064857,1448.110175,2696.272172,1,2,1
bəkax-4.TextGrid,CVCax,ə,39.17910448,326.7149955,1233.902252,2482.879971,2,1,0
bəkax-4.TextGrid,CVCax,a,105.2238806,616.7458278,1425.546942,2270.821609,2,2,1
bəkax-5.TextGrid,CVCax,ə,28.60061287,455.4374601,1308.000758,2908.182199,1,1,0
bəkax-5.TextGrid,CVCax,a,136.8743616,614.441536,1337.094716,2562.755049,1,2,1
bəkax-5.TextGrid,CVCax,ə,35.51020408,422.5326784,1318.869292,2760.776369,2,1,0
bəkax-5.TextGrid,CVCax,a,168.9795918,651.474676,1582.372116,2950.596026,2,2,1
bəkax-6.TextGrid,CVCax,ə,64.97797357,463.153457,1254.698808,2462.288388,1,1,0
bəkax-6.TextGrid,CVCax,a,159.69163,639.7171436,1399.389734,2692.285635,1,2,1
bəkax-6.TextGrid,CVCax,ə,44.2804428,355.5292119,1150.097208,2655.746498,2,1,0
bəkax-6.TextGrid,CVCax,a,138.3763838,584.1725048,1326.851762,2594.251575,2,2,1
biʃəx.TextGrid,CVCax,i,124.6169561,360.1027106,1547.193666,2843.566301,1,1,0
biʃəx.TextGrid,CVCax,ə,33.70786517,499.2133406,1427.671879,2254.485376,1,2,1
biʃəx.TextGrid,CVCax,i,125.7692308,339.8016028,1674.737515,2747.417514,2,1,0
biʃəx.TextGrid,CVCax,ə,41.53846154,496.0698023,1322.213595,2628.261178,2,2,1
biʃəx-2.TextGrid,CVCax,i,119.1536748,338.3547971,1696.498701,2737.918115,1,1,0
biʃəx-2.TextGrid,CVCax,ə,44.54342984,905.8671163,2205.901919,3331.465339,1,2,1
biʃəx-2.TextGrid,CVCax,i,132.2727273,365.8259151,1549.368066,2586.894884,2,1,0
biʃəx-2.TextGrid,CVCax,ə,77.72727273,526.5146575,1308.998046,2586.815515,2,2,1
biʃəx-3.TextGrid,CVCax,i,114.0552995,352.4254729,1442.591338,2593.447518,1,1,0
biʃəx-3.TextGrid,CVCax,ə,46.08294931,466.1322454,1320.395697,2674.181307,1,2,1
biʃəx-3.TextGrid,CVCax,i,128.4132841,396.6271654,1614.435356,2722.819921,2,1,0
biʃəx-3.TextGrid,CVCax,ə,37.63837638,488.2538867,1335.625498,2543.13929,2,2,1
biʃəx-4.TextGrid,CVCax,i,97.39524349,391.9915011,1362.677771,2704.323655,1,1,0
biʃəx-4.TextGrid,CVCax,ə,110.9852775,675.7791251,1625.431262,2711.890626,1,2,1
biʃəx-4.TextGrid,CVCax,i,64.74820144,433.532271,1692.299263,3130.375857,2,1,0
biʃəx-4.TextGrid,CVCax,ə,90.64748201,621.7274782,1706.825672,2736.664319,2,2,1
biʃəx-5.TextGrid,CVCax,i,88.41099164,396.2523019,1555.417857,2635.946595,1,1,0
biʃəx-5.TextGrid,CVCax,ə,83.63201912,593.1269171,1605.818175,2663.812304,1,2,1
biʃəx-5.TextGrid,CVCax,i,107.5697211,409.9962225,1677.06629,3015.513538,2,1,0
biʃəx-5.TextGrid,CVCax,ə,71.71314741,641.7587589,1615.869668,2832.103035,2,2,1
biʃəx-6.TextGrid,CVCax,i,95.68874869,381.4440949,1548.104501,2775.580409,1,1,0
biʃəx-6.TextGrid,CVCax,ə,67.29758149,826.3501807,2017.111217,2873.346778,1,2,1
biʃəx-6.TextGrid,CVCax,i,100.7142857,375.3975692,1436.237759,2749.621496,2,1,0
biʃəx-6.TextGrid,CVCax,ə,64.28571429,667.4235352,1648.529604,2753.832381,2,2,1
ca:cə.TextGrid,CV:CV,a:,157.5274177,579.9370467,1134.660274,2447.040766,1,1,1
ca:cə.TextGrid,CV:CV,ə,57.82652044,482.8657354,1248.150033,2840.440651,1,2,0
ca:cə.TextGrid,CV:CV,a:,174.9077491,547.8205183,1194.440824,2318.64487,2,1,1
ca:cə.TextGrid,CV:CV,ə,81.91881919,352.1780345,1242.389694,2861.852358,2,2,0
ca:cə-2.TextGrid,CV:CV,a:,176.8488746,528.0250767,1318.181652,2735.398902,1,1,1
ca:cə-2.TextGrid,CV:CV,ə,118.9710611,472.6719975,1232.114133,2736.324082,1,2,0
ca:cə-2.TextGri:,CV:CV,a:,209.8591549,572.5972415,1132.483517,2399.666415,2,1,1
ca:cə-2.TextGrid,CV:CV,ə,133.8028169,312.0396962,1212.837828,2673.766555,2,2,0
ca:cə-3.TextGrid,CV:CV,a:,155.3588987,686.986582,1529.433963,2573.179493,1,1,1
ca:cə-3.TextGrid,CV:CV,ə,129.7935103,433.6185936,1427.775286,2758.959793,1,2,0
ca:cə-3.TextGrid,CV:CV,a:,231.4285714,710.4076308,1597.681911,2712.685893,2,1,1
ca:cə-3.TextGrid,CV:CV,ə,142.8571429,517.2297418,1632.109487,2902.465381,2,2,0
catə.TextGrid,CVCV,a,61.72839506,408.2324927,1730.200904,2835.817979,1,1,1
catə.TextGrid,CVCV,ə,51.28205128,371.4439648,1805.917298,3094.937281,1,2,0
catə.TextGrid,CVCV,a,96.42857143,564.366401,1718.838619,2971.858516,2,1,1
catə.TextGrid,CVCV,ə,70.98214286,314.2740765,1760.70513,2676.746407,2,2,0
catə-2.TextGrid,CVCV,a,84.47937132,615.0707703,1797.127033,2942.720313,1,1,1
catə-2.TextGrid,CVCV,ə,81.5324165,342.8281495,1683.742275,3001.90906,1,2,0
catə-2.TextGrid,CVCV,a,89.28571429,478.5458497,1816.784148,2855.470739,2,1,1
catə-2.TextGrid,CVCV,ə,121.4285714,418.9547608,1788.389437,2927.797202,2,2,0
catə-3.TextGrid,CVCV,a,94.42870633,817.5548391,1959.471691,3046.682624,1,1,1
catə-3.TextGrid,CVCV,ə,121.8130312,509.5271034,1809.300661,2937.600871,1,2,0
catə-3.TextGrid,CVCV,a,167.5977654,600.8142671,1691.867974,2876.990225,2,1,1
catə-3.TextGrid,CVCV,ə,172.6256983,390.7912952,1494.022531,2742.481983,2,2,0
caxtəx.TextGrid,CaxCax,a,77.62557078,657.2013124,1497.824729,2637.141711,1,1,1
caxtəx.TextGrid,CaxCax,ə,70.77625571,,,,1,2,0
caxtəx.TextGrid,CaxCax,a,74.73684211,654.8799067,1443.582047,2942.084769,2,1,1
caxtəx.TextGrid,CaxCax,ə,85.26315789,518.8622888,1239.256111,2511.186153,2,2,0
caxtəx-2.TextGrid,CaxCax,a,107.5514874,666.053638,1483.339727,2671.134597,1,1,1
caxtəx-2.TextGrid,CaxCax,ə,59.49656751,543.2570779,1453.655969,2577.812043,1,2,0
caxtəx-2.TextGrid,CaxCax,a,109.375,795.4553963,1733.845187,2772.963344,2,1,1
caxtəx-2.TextGrid,CaxCax,ə,78.125,671.8148694,1865.587596,3149.286398,2,2,0
caxtəx-3.TextGrid,CaxCax,a,70.69672131,741.1288121,1460.77552,2831.637667,1,1,1
caxtəx-3.TextGrid,CaxCax,,,646.0490861,1665.936541,2852.493401,1,2,0
caxtəx-3.TextGrid,CaxCax,a,89.28571429,731.0813109,1616.884072,2793.233296,2,1,1
caxtəx-3.TextGrid,CaxCax,ə,65.47619048,575.0398024,1349.927264,2691.800244,2,2,0
caxpə.TextGrid,CaxCV,a,54.86725664,672.764838,1655.556918,2711.700421,1,1,1
caxpə.TextGrid,CaxCV,ə,78.76106195,539.8751593,1335.618099,2780.821121,1,2,0
caxpə.TextGrid,CaxCV,a,67.90540541,591.918301,1579.300742,2790.024253,2,1,1
caxpə.TextGrid,CaxCV,ə,89.18918919,508.967398,1316.028739,2748.826161,2,2,0
caxpə-2.TextGrid,CaxCV,a,76.69616519,669.887753,1393.948128,2547.292369,1,1,1
caxpə-2.TextGrid,CaxCV,ə,157.3254671,810.4909551,1850.050497,2902.129324,1,2,0
caxpə-2.TextGrid,CaxCV,a,87.67123288,750.843179,1392.588598,2389.756052,2,1,1
caxpə-2.TextGrid,CaxCV,ə,176.7123288,584.0319165,1507.390367,2809.668905,2,2,0
caxpə-3.TextGrid,CaxCV,a,65.56016598,647.9413289,1608.510599,2658.816446,1,1,1
caxpə-3.TextGrid,CaxCV,ə,106.2240664,784.9871814,1867.029056,3098.532827,1,2,0
caxpə-3.TextGrid,CaxCV,a,49.13151365,591.9154031,1521.232075,2763.100517,2,1,1
caxpə-3.TextGrid,CaxCV,ə,87.09677419,547.4870389,1430.591786,2806.918051,2,2,0
caxtə.TextGrid,CaxCV,a,66.86626747,782.00955,1617.893999,2844.785512,1,1,1
caxtə.TextGrid,CaxCV,ə,82.83433134,485.0437258,1334.104919,2867.617775,1,2,0
caxtə.TextGrid,CaxCV,a,64.94845361,650.7307573,1579.24928,2871.910998,2,1,1
caxtə.TextGrid,CaxCV,ə,121.3917526,456.5043166,1303.772807,2829.703737,2,2,0
caxtə-2.TextGrid,CaxCV,a,72.02881152,741.1183706,1715.683224,3038.759993,1,1,1
caxtə-2.TextGrid,CaxCV,ə,152.4609844,654.6075968,1660.131245,2786.90057,1,2,0
caxtə-2.TextGrid,CaxCV,a,120.3208556,687.0762169,1659.928743,2746.485299,2,1,1
caxtə-2.TextGrid,CaxCV,ə,147.5935829,393.7362797,1462.404497,2864.63967,2,2,0
caxtə-3.TextGrid,CaxCV,a,65.96558317,652.7571859,1248.113828,2603.360634,1,1,1
caxtə-3.TextGrid,CaxCV,ə,116.6347992,392.117577,1505.735077,2733.419077,1,2,0
caxtə-3.TextGrid,CaxCV,a,175.739645,697.2565362,1791.680721,2671.538553,2,1,1
caxtə-3.TextGrid,CaxCV,ə,177.5147929,448.9498441,1403.435388,2780.954243,2,2,0
co:tə.TextGrid,CV:CV,o:,122.9357798,535.2776407,1378.144879,2796.235891,1,1,1
co:tə.TextGrid,CV:CV,ə,88.99082569,522.900937606394,1230.65339853029,2924.22918687031,1,2,0
co:tə.TextGrid,CV:CV,o:,94.26433915,461.6122688,959.3697356,2230.78862,2,1,1
co:tə.TextGrid,CV:CV,ə,98.75311721,456.0047135,1329.192273,2897.091899,2,2,0
co:tə-2.TextGrid,CV:CV,o:,143.5897436,546.1431926,1372.757077,2361.3453,1,1,1
co:tə-2.TextGrid,CV:CV,ə,128.2051282,520.0429736,1494.635989,2801.238254,1,2,0
co:tə-2.TextGrid,CV:CV,,,,,,2,1,1
co:tə-2.TextGrid,CV:CV,,,,,,2,2,0
co:tə-3.TextGrid,CV:CV,o:,141.9878296,535.7138904,1395.544487,2427.718043,1,1,1
co:tə-3.TextGrid,CV:CV,ə,150.1014199,536.9866002,1430.274024,2797.94244,1,2,0
co:tə-3.TextGrid,CV:CV,o:,166.3043478,588.2695106,1536.801632,2527.072911,2,1,1
co:tə-3.TextGrid,CV:CV,ə,146.7391304,541.109332,1725.812151,3020.388693,2,2,0
cʌhəx.TextGrid,CVCax,ə,56.15942029,1044.885813,2022.491233,3121.775037,1,1,0
cʌhəx.TextGrid,CVCax,ə,60.6884058,636.5597791,1351.962267,2837.272442,1,2,1
cʌhəx.TextGrid,CVCax,ə,103.8461538,535.1017753,1557.338047,2877.017254,2,1,0
cʌhəx.TextGrid,CVCax,ə,128.2051282,562.4448272,1279.128185,2709.087455,2,2,1
cʌhəx-2.TextGrid,CVCax,ə,100.102145,784.2273891,1799.804577,2791.778629,1,1,0
cʌhəx-2.TextGrid,CVCax,ə,74.56588355,777.5983594,1645.327561,2908.014768,1,2,1
cʌhəx-2.TextGrid,CVCax,ə,101.3333333,367.5840852,1354.605676,2653.744169,2,1,0
cʌhəx-2.TextGrid,CVCax,ə,120,598.0380429,1357.061534,2611.816113,2,2,1
cʌtəx.TextGrid,CVCax,ə,38.72216844,537.3240874,1271.768116,3103.208055,1,1,0
cʌhəx.TextGrid,CVCax,ə,79.3804453,693.1110758,1805.075659,3036.035712,1,2,1
cʌtəx.TextGrid,CVCax,ə,61.39534884,479.8785504,1432.378292,2694.211287,2,1,0
cʌhəx.TextGrid,CVCax,ə,115.8139535,582.5052692,1473.283628,2577.304714,2,2,1
cʌtəx-2.TextGrid,CVCax,ə,82.29426434,432.6239363,1407.679401,2574.582344,1,1,0
cʌtəx-2.TextGrid,CVCax,ə,50.70656692,553.4298607,1248.83839,2849.361056,1,2,1
cʌtəx-2.TextGrid,CVCax,ə,67.30038023,611.4295899,1361.006087,2863.051353,2,1,0
cʌtəx-2.TextGrid,CVCax,ə,46.76806084,471.8201603,1068.887579,2649.14166,2,2,1
cətax.TextGrid,CVCax,ə,60.22727273,442.222766,1361.363792,2559.065424,1,1,0
cətax.TextGrid,CVCax,a,151.1363636,724.0776731,1662.641632,2580.302558,1,2,1
cətax.TextGrid,CVCax,ə,32.43243243,375.2518827,1270.8738,2518.954441,2,1,0
cətax.TextGrid,CVCax,a,240,558.9230466,1297.829022,2533.739091,2,2,1
cətax-2.TextGrid,CVCax,ə,31.95488722,508.587706,1632.932197,2932.193921,1,1,0
cətax-2.TextGrid,CVCax,a,106.2030075,688.7054337,1521.795823,2680.223455,1,2,1
cətax-2.TextGrid,CVCax,ə,26.26728111,469.0944285,1357.304261,2696.279881,2,1,0
cətax-2.TextGrid,CVCax,a,147.9262673,732.2208943,1738.61018,2758.063643,2,2,1
co:co:.TextGrid,CV:CV:,o:,131.6872428,499.8860154,1213.653659,2389.753653,1,1,1
co:co:.TextGrid,CV:CV:,o:,144.0329218,451.5276379,1076.656426,2966.282962,1,2,0
co:co:.TextGrid,CV:CV:,o:,144.2553191,433.6967078,1207.954608,2455.11625,2,1,1
co:co:.TextGrid,CV:CV:,o:,213.1914894,455.6477877,1207.03355,2911.896893,2,2,0
co:co:-2.TextGrid,CV:CV:,o:,125.3731343,578.1151634,1439.949286,2643.817517,1,1,1
co:co:-2.TextGrid,CV:CV:,o:,256.7164179,550.559294,1596.97713,2678.251644,1,2,0
co:co:-2.TextGrid,CV:CV:,o:,122.5352113,424.3065023,1144.092862,2475.515427,2,1,1
co:co:-2.TextGrid,CV:CV:,o:,201.7605634,475.4704697,1253.055938,2936.419863,2,2,0
co:co:-3.TextGrid,CV:CV:,o:,131.661442,631.3583941,1638.80565,2428.458741,1,1,1
co:co:-3.TextGrid,CV:CV:,o:,199.5820272,492.5090809,1326.99792,2416.91439,1,2,0
co:co:-3.TextGrid,CV:CV:,o:,187.5,470.4997234,1331.000776,2484.599336,2,1,1
co:co:-3.TextGrid,CV:CV:,o:,254.4642857,428.7293398,1178.548298,2519.364965,2,2,0
cʌpə.TextGrid,CVCV,ə,74.80314961,586.5346771,1383.271442,2878.610356,1,1,1
cʌpə.TextGrid,CVCV,ə,167.3228346,473.8977275,1420.052471,2874.276031,1,2,0
cʌpə.TextGrid,CVCV,ə,59.22746781,439.0143577,1349.789556,2808.353714,2,1,1
cʌpə.TextGrid,CVCV,ə,171.2446352,484.8438421,1350.490758,2841.974484,2,2,0
cʌpə-2.TextGrid,CVCV,ə,50.51546392,438.5343202,1253.46904,2581.064616,1,1,1
cʌpə-2.TextGrid,CVCV,ə,152.5773196,711.4516688,1755.010319,2979.587408,1,2,0
cʌpə-2.TextGrid,CVCV,ə,55.84415584,402.1913984,1164.661871,2713.072753,2,1,1
cʌpə-2.TextGrid,CVCV,ə,181.8181818,505.6642253,1338.859116,2848.618865,2,2,0
cʌpə-3.TextGrid,CVCV,ə,53.34728033,619.2046772,1550.308555,2771.609534,1,1,1
cʌpə-3.TextGrid,CVCV,ə,178.8702929,591.8673449,1611.545752,2684.175972,1,2,0
cʌpə-3.TextGrid,CVCV,ə,84.88372093,581.4162987,1556.201532,2719.26425,2,1,1
cʌpə-3.TextGrid,CVCV,ə,150,719.2351299,1807.762242,2964.542135,2,2,0
da:tə.TextGrid,CV:CV,a:,235.167206,561.1901161,1313.649952,2629.43146,1,1,1
da:tə.TextGrid,CV:CV,ə,145.631068,423.3629032,1531.011077,2919.959806,1,2,0
da:tə.TextGrid,CV:CV,a:,257.8947368,518.0245945,1309.340678,2480.54427,2,1,1
da:tə.TextGrid,CV:CV,ə,57.89473684,463.116248,1149.573916,2800.073367,2,2,0
da:tə-2.TextGrid,CV:CV,a:,210.5778648,618.3992156,1571.581408,2627.056138,1,1,1
da:tə-2.TextGrid,CV:CV,ə,99.90205681,349.222347,1267.499631,2483.981927,1,2,0
da:tə-2.TextGrid,CV:CV,a:,320.3125,560.4207841,1438.516897,2717.285677,2,1,1
da:tə-2.TextGrid,CV:CV,ə,118.75,354.4053813,1354.384442,2818.781783,2,2,0
da:tə-3.TextGrid,CV:CV,a:,189.688716,601.2871639,1677.249599,2667.265441,1,1,1
da:tə-3.TextGrid,CV:CV,ə,135.2140078,342.0704705,1237.446646,2547.492088,1,2,0
da:tə-3.TextGrid,CV:CV,a:,197.5352113,581.4785105,1361.71502,2525.738579,2,1,1
da:tə-3.TextGrid,CV:CV,ə,107.7464789,519.4980315,1592.57509,2958.452551,2,2,0
da:ti:.TextGrid,CV:CV:,a:,215.1515152,562.8928125,1320.5714,2686.885466,1,1,1
da:ti:.TextGrid,CV:CV:,i:,274.7474747,281.4014918,2174.170662,3108.779405,1,2,0
da:ti:.TextGrid,CV:CV:,a:,173.3606557,502.6713038,1450.812211,2891.871274,2,1,1
da:ti:.TextGrid,CV:CV:,i:,300,319.7692431,1876.466721,3030.848078,2,2,0
da:ti:-2.TextGrid,CV:CV:,a:,217.8571429,600.8118046,1575.529903,2662.375988,1,1,1
da:ti:-2.TextGrid,CV:CV:,i:,332.1428571,326.4706855,1834.660855,2854.692447,1,2,0
da:ti:-2.TextGrid,CV:CV:,a:,143.0232558,501.3499633,1372.401041,2617.339645,2,1,1
da:ti:-2.TextGrid,CV:CV:,i:,224.127907,354.2674069,1722.259209,2866.288985,2,2,0
da:ti:-3.TextGrid,CV:CV:,a:,164.3582641,598.2320794,1533.353663,2588.01776,1,1,1
da:ti:-3.TextGrid,CV:CV:,i:,277.0083102,306.5883628,2032.621767,2987.529032,1,2,0
da:ti:-3.TextGrid,CV:CV:,a:,218.6915888,537.3146324,1384.755295,2588.024462,2,1,1
da:ti:-3.TextGrid,CV:CV:,i:,412.1495327,308.015302,1810.953012,2912.028163,2,2,0
dasəx.TextGrid,CVCax,a,148.2277121,563.2817628,1596.150773,2764.600352,1,1,0
dasəx.TextGrid,CVCax,ə,59.07626208,569.7254028,1441.971901,2664.24638,1,2,1
dasəx.TextGrid,CVCax,a,144.1696113,606.1250824,1670.796955,2908.679302,2,1,0
dasəx.TextGrid,CVCax,ə,48.76325088,541.464352,1468.480752,2826.669264,2,2,1
dasəx-2.TextGrid,CVCax,a,127.6836158,616.4491386,1622.391478,2710.370937,1,1,0
dasəx-2.TextGrid,CVCax,ə,55.36723164,589.7158135,1448.965589,2580.189466,1,2,1
dasəx-2.TextGrid,CVCax,a,185.7142857,543.5989649,1554.378956,2836.240244,2,1,0
dasəx-2.TextGrid,CVCax,ə,75.71428571,517.2063711,1320.105401,2760.990532,2,2,1
datu:.TextGrid,CVCV:,a,139.275766,634.8057853,1640.603902,2925.172697,1,1,0
datu:.TextGrid,CVCV:,u:,259.9814299,368.0268801,1056.416775,2556.271962,1,2,1
datu:.TextGrid,CVCV:,a,158.4677419,479.8944067,1538.079859,2925.417229,2,1,0
datu:.TextGrid,CVCV:,u:,296.3709677,356.6587938,1284.676358,2811.924063,2,2,1
datu:-2.TextGrid,CVCV:,a,155.1724138,625.9781495,1576.260221,2723.872803,1,1,0
datu:-2.TextGrid,CVCV:,u:,261.4942529,349.2113844,1134.205737,2748.340791,1,2,1
datu:-2.TextGrid,CVCV:,a,175.9717314,513.8621307,1529.108292,2967.165468,2,1,0
datu:-2.TextGrid,CVCV:,u:,206.7137809,346.2523071,1085.759877,2781.236798,2,2,1
datu:-3.TextGrid,CVCV:,a,164.9365629,637.8570678,1677.834675,2931.385048,1,1,0
datu:-3.TextGrid,CVCV:,u:,268.7427912,456.9619966,1341.756979,2567.359017,1,2,1
datu:-3.TextGrid,CVCV:,a,174.1573034,548.4071315,1563.02872,2677.046007,2,1,0
datu:-3.TextGrid,CVCV:,u:,219.1011236,389.5202048,1266.87687,2671.024024,2,2,1
dətax.TextGrid,CVCax,ə,53.25443787,442.3688729,1535.936608,2785.580353,1,1,0
dətax.TextGrid,CVCax,a,160.9467456,665.8647865,1703.174848,3037.483677,1,2,1
dətax.TextGrid,CVCax,ə,56.55737705,387.02778,1360.541544,2905.717613,2,1,0
dətax.TextGrid,CVCax,a,193.0327869,635.4842199,1514.750526,2851.537078,2,2,1
dətax-2.TextGrid,CVCax,ə,42.71123491,496.5152523,1682.613343,2740.308924,1,1,0
dətax-2.TextGrid,CVCax,a,125.3481894,675.9044603,1564.001761,2660.654215,1,2,1
dətax-2.TextGrid,CVCax,ə,51.42857143,445.1031954,1505.173809,2279.175987,2,1,0
dətax-2.TextGrid,CVCax,a,191.4285714,691.2946527,1532.231957,2440.584913,2,2,1
dətax-3.TextGrid,CVCax,ə,50.84745763,463.0353602,1377.930832,2922.038248,1,1,0
dətax-3.TextGrid,CVCax,a,141.2429379,828.1352428,1805.032075,2739.131522,1,2,1
dətax-3.TextGrid,CVCax,ə,56.09756098,454.9027528,1350.124164,3020.91388,2,1,0
dətax-3.TextGrid,CVCax,a,191.4634146,663.3351997,1610.271624,2841.601308,2,2,1
disəx.TextGrid,CVCax,i,176.5834933,398.8468659,1938.320928,2915.953304,1,1,0
disəx.TextGrid,CVCax,,,,,,1,2,1
disəx.TextGrid,CVCax,i,185.7692308,336.1454494,1780.18123,2844.947009,2,1,0
disəx.TextGrid,CVCax,ə,26.53846154,426.4690808,1006.983716,2923.304633,2,2,1
diʃəx.TextGrid,CVCax,i,149.0236382,355.1025376,1644.020473,2740.300688,1,1,0
diʃəx.TextGrid,CVCax,ə,53.44295992,530.4476101,1263.724342,2535.350878,1,2,1
diʃəx.TextGrid,CVCax,i,190.9090909,354.3197907,1782.091434,2907.243345,2,1,0
diʃəx.TextGrid,CVCax,ə,91.73553719,512.8786109,1408.020614,2625.16908,2,2,1
doʃəx.TextGrid,CVCax,o,185.0649351,520.9784509,1432.161945,2562.373487,1,1,0
doʃəx.TextGrid,CVCax,ə,40.04329004,403.7134506,1102.111711,2400.535025,1,2,1
doʃəx.TextGrid,CVCax,o,284.6938776,446.8851545,1345.811156,2574.925728,2,1,0
doʃəx.TextGrid,CVCax,ə,64.28571429,486.1575131,1440.302198,2813.661191,2,2,1
doʃəx-2.TextGrid,CVCax,o,181.6386969,505.4558198,1514.138909,2837.565092,1,1,0
doʃəx-2.TextGrid,CVCax,ə,54.29417572,578.4300585,1579.70264,2788.445716,1,2,1
doʃəx-2.TextGrid,CVCax,o,176.344086,491.6876558,1487.963451,2787.83324,2,1,0
doʃəx-2.TextGrid,CVCax,ə,59.13978495,446.6182461,1252.034172,2420.346926,2,2,1
faxtəx.TextGrid,CaxCax,a,76.59574468,610.1497349,1286.312058,2651.854155,1,1,1
faxtəx.TextGrid,CaxCax,ə,64.89361702,569.3194481,1565.744749,2841.846802,1,2,0
faxtəx.TextGrid,CaxCax,a,138.028169,556.5033933,1309.696571,2495.202601,2,1,1
faxtəx.TextGrid,CaxCax,ə,59.15492958,522.5858604,1175.521421,2430.806411,2,2,0
faxtəx-2.TextGrid,CaxCax,a,121.5351812,692.8424249,1480.996903,2694.936219,1,1,1
faxtəx-2.TextGrid,CaxCax,ə,99.14712154,553.1854322,1376.975897,2353.558034,1,2,0
faxtəx-2.TextGrid,CaxCax,a,136.7256637,683.9307532,1509.237537,2822.869761,2,1,1
faxtəx-2.TextGrid,CaxCax,ə,91.59292035,462.6598987,1225.433641,2483.52466,2,2,0
faxtəx-3.TextGrid,CaxCax,a,53.01455301,576.5653123,1297.556802,2954.710584,1,1,1
faxtəx-3.TextGrid,CaxCax,ə,15.59251559,518.6248642,861.6312238,2095.918146,1,2,0
faxtəx-3.TextGrid,CaxCax,a,122.2748815,716.1348248,1437.613329,2789.366067,2,1,1
faxtəx-3.TextGrid,CaxCax,ə,108.056872,583.2003352,1309.013276,2727.055459,2,2,0
fa:səx.TextGrid,CV:Cax,a:,164.8351648,618.6895603,1279.725274,2483.849834,1,1,1
fa:səx.TextGrid,CV:Cax,ə,22.97702298,507.9096407,960.3904617,3027.879798,1,2,0
fa:səx.TextGrid,CV:Cax,a:,235.0230415,551.2763885,1354.292908,2458.909716,2,1,1
fa:səx.TextGrid,CV:Cax,ə,76.03686636,524.9548329,1291.558118,2997.048729,2,2,0
fa:səx-2.TextGrid,CV:Cax,a:,152.872444,693.5619268,1627.436634,2636.918186,1,1,1
fa:səx-2.TextGrid,CV:Cax,ə,57.44888023,566.5897009,1348.392518,2417.510858,1,2,0
fa:səx-2.TextGrid,CV:Cax,a:,219.7368421,584.2992931,1345.129043,2421.771379,2,1,1
fa:səx-2.TextGrid,CV:Cax,ə,39.47368421,367.8570412,923.2177425,3165.670358,2,2,0
fa:səx-3.TextGrid,CV:Cax,a:,162.530024,513.2131663,1128.012037,2509.149078,1,1,1
fa:səx-3.TextGrid,CV:Cax,ə,22.41793435,647.0140275,1679.17845,3127.507233,1,2,0
fa:səx-3.TextGrid,CV:Cax,a:,180.4270463,528.6940497,1232.05203,2559.499646,2,1,1
fa:səx-3.TextGrid,CV:Cax,ə,35.23131673,463.9240318,1125.41765,2677.24746,2,2,0
fatəx.TextGrid,CVCax,a,76.74597084,533.6247526,1516.610808,2833.241191,1,1,0
fatəx.TextGrid,CVCax,ə,25.32617038,614.365273,1567.926307,2828.156237,1,2,1
fatəx.TextGrid,CVCax,a,129.6943231,512.1972163,1545.966345,2746.062047,2,1,0
fatəx.TextGrid,CVCax,ə,69.43231441,573.7131852,1468.870171,2724.087712,2,2,1
fatəx-2.TextGrid,CVCax,a,139.2265193,607.7422605,1475.863341,2672.339002,1,1,0
fatəx-2.TextGrid,CVCax,ə,71.82320442,631.5007977,1789.798994,2844.357051,1,2,1
fatəx-2.TextGrid,CVCax,a,138.9344262,582.9603716,1569.312723,2897.10404,2,1,0
fatəx-2.TextGrid,CVCax,ə,60.24590164,484.0782935,1254.841674,2560.069125,2,2,1
fatəx-3.TextGrid,CVCax,a,120.6313416,585.807283,1520.636375,2556.563513,1,1,0
fatəx-3.TextGrid,CVCax,ə,99.210823,604.1354207,1734.090069,2915.767362,1,2,1
fatəx-3.TextGrid,CVCax,a,144,545.3482388,1755.557932,3003.299845,2,1,0
fatəx-3.TextGrid,CVCax,ə,84,498.9853745,1322.491754,2457.406874,2,2,1
fəsu:.TextGrid,CVCV:,ə,62.69270298,450.5035793,1320.339903,2662.513818,1,1,0
fəsu:.TextGrid,CVCV:,u:,309.352518,288.7049663,1252.749256,2588.866907,1,2,1
fəsu:.TextGrid,CVCV:,ə,61.25,464.3782394,1394.99531,2591.669027,2,1,0
fəsu:.TextGrid,CVCV:,u:,300,351.6071586,1171.500961,2742.118651,2,2,1
fəsu:-2.TextGrid,CVCV:,ə,91.51785714,617.1060022,1479.028328,2539.304868,1,1,0
fəsu:-2.TextGrid,CVCV:,u:,367.1875,360.4747718,1148.602638,2754.701817,1,2,1
fəsu:-2.TextGrid,CVCV:,ə,103.8022814,471.3544808,1464.118369,2744.069361,2,1,0
fəsu:-2.TextGrid,CVCV:,u:,217.8707224,366.4694892,1249.81378,2589.703317,2,2,1
fəsu:-3.TextGrid,CVCV:,ə,49.09560724,570.1869558,1656.877644,2623.6408,1,1,0
fəsu:-3.TextGrid,CVCV:,u:,253.2299742,385.3349578,1333.482455,2693.071959,1,2,1
fəsu:-3.TextGrid,CVCV:,ə,81.37651822,547.4745628,1435.723202,2635.043619,2,1,0
fəsu:-3.TextGrid,CVCV:,u:,225.9109312,386.2037441,1267.201261,2512.413925,2,2,1
ga:fəx.TextGrid,CV:Cax,a:,192.4398625,539.917618,1356.519354,2629.220659,1,1,1
ga:fəx.TextGrid,CV:Cax,ə,37.80068729,569.3640204,1051.274802,2534.536203,1,2,0
ga:fəx.TextGrid,CV:Cax,a:,215.5893536,565.8081005,1158.573623,2636.009481,2,1,1
ga:fəx.TextGrid,CV:Cax,ə,53.6121673,511.9408411,1169.853068,2693.437253,2,2,0
ga:fəx-2.TextGrid,CV:Cax,a:,244.6700508,477.936827,1366.628015,2437.463789,1,1,1
ga:fəx-2.TextGrid,CV:Cax,ə,52.79187817,526.9476273,1224.114765,2507.37926,1,2,0
ga:fəx-2.TextGrid,CV:Cax,a:,293.5344828,476.4352845,1450.936056,2541.099447,2,1,1
ga:fəx-2.TextGrid,CV:Cax,ə,90.51724138,569.5726784,1340.55725,2678.792875,2,2,0
ga:fəx-3.TextGrid,CV:Cax,a:,220.9543568,595.949204,1557.546289,2605.891775,1,1,1
ga:fəx-3.TextGrid,CV:Cax,ə,70.53941909,618.4527732,1620.700945,2740.657797,1,2,0
ga:fəx-3.TextGrid,CV:Cax,a:,204.4067797,679.1552032,1405.360553,2694.834664,2,1,1
ga:fəx-3.TextGrid,CV:Cax,ə,72.20338983,730.3694724,2022.584882,3325.722053,2,2,0
gaxto:.TextGrid,CaxCV:,a,56.48148148,505.3919943,1452.608189,2904.866157,1,1,0
gaxto:.TextGrid,CaxCV:,o:,219.4444444,403.0912363,1020.712443,2741.128761,1,2,1
gaxto:.TextGrid,CaxCV:,a,79.33884298,644.6759048,1499.216893,2710.956029,2,1,0
gaxto:.TextGrid,CaxCV:,o:,171.0743802,434.0917287,955.4995604,3034.33553,2,2,1
gaxto:-2.TextGrid,CaxCV:,a,108.9536138,567.4749974,1458.523228,2747.936512,1,1,0
gaxto:-2.TextGrid,CaxCV:,o:,433.6569579,466.5084927,1336.292933,2681.335452,1,2,1
gaxto:-2.TextGrid,CaxCV:,a,119.7718631,716.5424736,1739.571122,2905.341187,2,1,0
gaxto:-2.TextGrid,CaxCV:,o:,295.4372624,426.6343704,1168.930974,2630.416952,2,2,1
gaxto:-3.TextGrid,CaxCV:,a,130.9794989,697.0509327,1614.64949,2798.399942,1,1,0
gaxto:-3.TextGrid,CaxCV:,o:,291.571754,518.8295072,1257.209996,2372.765719,1,2,1
gaxto:-3.TextGrid,CaxCV:,a,108.8328076,702.455239,1598.308838,2738.708466,2,1,0
gaxto:-3.TextGrid,CaxCV:,o:,224.2902208,419.6522914,1127.706963,2638.493971,2,2,1
gətax.TextGrid,CVCax,ə,44.397463,413.5183094,1467.527895,3026.437276,1,1,0
gətax.TextGrid,CVCax,a,128.9640592,730.4052469,1590.061708,2903.551095,1,2,1
gətax.TextGrid,CVCax,ə,34.30493274,444.6404286,1412.719495,2696.796165,2,1,0
gətax.TextGrid,CVCax,a,111.6591928,644.4375036,1483.346467,2655.042581,2,2,1
gətax-2.TextGrid,CVCax,ə,40.15296367,453.3669716,1593.067392,2936.946029,1,1,0
gətax-2.TextGrid,CVCax,a,125.2390057,768.3157461,1606.803404,2770.694582,1,2,1
gətax-2.TextGrid,CVCax,ə,65.33333333,424.747916,1404.3153,2857.004213,2,1,0
gətax-2.TextGrid,CVCax,a,173.3333333,692.6769302,1745.744076,2941.164919,2,2,1
gətax-3.TextGrid,CVCax,ə,48.04804805,514.8926715,1612.898714,3074.215322,1,1,0
gətax-3.TextGrid,CVCax,a,108.1081081,703.7504028,1613.743557,2895.520504,1,2,1
gətax-3.TextGrid,CVCax,ə,45.38745387,561.1971143,1664.774072,3085.921346,2,1,0
gətax-3.TextGrid,CVCax,a,143.9114391,665.4531592,1546.268959,2811.68043,2,2,1
hakə.TextGrid,CVCV,a,92.8319624,510.975469,1456.292273,2683.237346,1,1,1
hakə.TextGrid,CVCV,ə,113.9835488,433.9644218,1601.065841,2971.876734,1,2,0
hakə.TextGrid,CVCV,a,103.6764706,566.5134136,1499.931749,2802.752801,2,1,1
hakə.TextGrid,CVCV,ə,112.5,426.9370097,1403.408451,2799.995305,2,2,0
hakə-2.TextGrid,CVCV,a,74.14448669,621.9296585,1454.678358,2519.868357,1,1,1
hakə-2.TextGrid,CVCV,ə,111.21673,393.4726977,1395.284789,2735.351574,1,2,0
hakə-2.TextGrid,CVCV,a,106.5306122,566.5494838,1520.487603,2367.961695,2,1,1
hakə-2.TextGrid,CVCV,ə,88.16326531,382.1066351,1261.857835,2667.299831,2,2,0
hakə-3.TextGrid,CVCV,a,101.1743451,610.2369784,1183.636644,2843.236574,1,1,1
hakə-3.TextGrid,CVCV,ə,103.8843722,460.0272983,1475.823713,2672.596876,1,2,0
hakə-3.TextGrid,CVCV,a,134.375,681.8262565,1513.369351,2765.143165,2,1,1
hakə-3.TextGrid,CVCV,ə,103.125,704.9748517,1973.35647,3024.47029,2,2,0
hitəx.TextGrid,CVCax,i,58.46422339,287.4059281,1875.998543,2541.180869,1,1,0
hitəx.TextGrid,CVCax,ə,92.495637,576.4150241,1418.566674,2628.703055,1,2,1
hitəx.TextGrid,CVCax,i,75,304.2696181,1731.577839,2516.939209,2,1,0
hitəx.TextGrid,CVCax,ə,69.48529412,581.3143955,1385.352001,2652.731647,2,2,1
hitəx-2.TextGrid,CVCax,i,36.900369,296.7112594,1546.328541,3025.727999,1,1,0
hitəx-2.TextGrid,CVCax,ə,84.87084871,718.4407312,1667.423538,2855.274909,1,2,1
hitəx-2.TextGrid,CVCax,i,102.4096386,327.4642608,1598.536786,2741.823145,2,1,0
hitəx-2.TextGrid,CVCax,ə,120.4819277,566.0009148,1365.186014,2543.939094,2,2,1
hitəx-3.TextGrid,CVCax,i,61.13989637,338.4215785,1796.911688,2991.157033,1,1,0
hitəx-3.TextGrid,CVCax,ə,61.13989637,596.5599317,1625.799807,2940.865052,1,2,1
hitəx-3.TextGrid,CVCax,i,78.37837838,372.1016108,1428.303968,2733.233474,2,1,0
hitəx-3.TextGrid,CVCax,ə,100,558.1357452,1370.638515,2638.277059,2,2,1
hu:təx.TextGrid,CV:Cax,u:,98.39572193,370.0978931,1204.53768,2678.667586,1,1,1
hu:təx.TextGrid,CV:Cax,ə,93.04812834,519.2642807,1316.828935,2363.039649,1,2,0
hu:təx.TextGrid,CV:Cax,u:,110.0917431,364.5606378,1134.879598,2462.521855,2,1,1
hu:təx.TextGrid,CV:Cax,ə,70.64220183,566.399065,1314.839299,2679.257836,2,2,0
hu:təx-2.TextGrid,CV:Cax,u:,86.87258687,528.2976797,1425.492406,2398.825349,1,1,1
hu:təx-2.TextGrid,CV:Cax,ə,77.22007722,670.2220297,1588.789952,2821.475017,1,2,0
hu:təx-2.TextGrid,CV:Cax,u:,122.4,400.7422517,1356.713131,2585.149596,2,1,1
hu:təx-2.TextGrid,CV:Cax,ə,117.6,560.4056596,1342.460348,2644.785578,2,2,0
hu:təx-3.TextGrid,CV:Cax,u:,69,565.589193,1355.284588,2446.375222,1,1,1
hu:təx-3.TextGrid,CV:Cax,ə,68,661.9443219,1653.671454,2783.91382,1,2,0
hu:təx-3.TextGrid,CV:Cax,u:,150,425.2154175,1246.442098,2693.632669,2,1,1
hu:təx-3.TextGrid,CV:Cax,ə,120.2479339,509.1799803,1267.877459,2623.786966,2,2,0
lʲaxtəx.TextGrid,CaxCax,a,96.91629956,646.3054734,1582.013048,2762.620258,1,1,1
lʲaxtəx.TextGrid,CaxCax,ə,52.86343612,643.9422941,1568.670442,2841.672169,1,2,0
lʲaxtəx.TextGrid,CaxCax,a,160.4278075,648.6597987,1558.319952,2963.569988,2,1,1
lʲaxtəx.TextGrid,CaxCax,ə,56.14973262,415.202595,1050.178917,2514.100182,2,2,0
lʲaxtəx-2.TextGrid,CaxCax,a,61.36950904,730.5985367,1669.290824,2850.04895,1,1,1
lʲaxtəx-2.TextGrid,CaxCax,ə,47.80361757,632.3074549,1577.615159,2583.435596,1,2,0
lʲaxtəx-2.TextGrid,CaxCax,a,58.42450766,561.0889103,1377.320788,2676.467976,2,1,1
lʲaxtəx-2.TextGrid,CaxCax,ə,51.20350109,572.8764707,1309.948241,2736.206462,2,2,0
lʲaxtəx-3.TextGrid,CaxCax,a,112.1177803,792.7958779,1616.724098,2508.951701,1,1,1
lʲaxtəx-3.TextGrid,CaxCax,ə,70.21517554,564.8164161,1565.740269,2859.333086,1,2,0
lʲaxtəx-3.TextGrid,CaxCax,a,171.8918919,786.7663706,1851.890652,3002.306452,2,1,1
lʲaxtəx-3.TextGrid,CaxCax,ə,108.6486486,554.2284717,1392.540145,2687.442712,2,2,0
pa:pə.TextGrid,CV:CV,a:,247.5845411,718.4180466,1433.377236,2655.900193,1,1,1
pa:pə.TextGrid,CV:CV,ə,129.2270531,561.6767524,1392.085862,2710.911626,1,2,0
pa:pə.TextGrid,CV:CV,a:,272.1311475,598.4407888,1416.049241,2391.370443,2,1,1
pa:pə.TextGrid,CV:CV,ə,119.6721311,412.9591339,1064.615541,2760.757943,2,2,0
pa:pə-2.TextGrid,CV:CV,a:,190.5252317,623.0967488,1157.24315,2225.47253,1,1,1
pa:pə-2.TextGrid,CV:CV,ə,140.061792,463.0434183,1345.050682,2601.541232,1,2,0
pa:pə-2.TextGrid,CV:CV,a:,145.0980392,677.6323377,1176.205035,2238.748447,2,1,1
pa:pə-2.TextGrid,CV:CV,ə,101.9607843,494.3298253,1227.556638,2732.388753,2,2,0
pa:pə-3.TextGrid,CV:CV,a:,138.9413989,682.0989798,1440.005647,2643.560661,1,1,1
pa:pə-3.TextGrid,CV:CV,ə,104.9149338,500.1603882,1264.962645,2682.285313,1,2,0
pa:pə-3.TextGrid,CV:CV,a:,178.021978,601.8663557,1396.004665,2515.230519,2,1,1
pa:pə-3.TextGrid,CV:CV,ə,,500.3985549,1545.797644,2850.972779,2,2,0
pa:ti:.TextGrid,CV:CV:,a:,94.60243761,626.2008402,1306.887356,2568.432119,1,1,1
pa:ti:.TextGrid,CV:CV:,i:,198.4910041,301.9042177,2073.298989,3110.066882,1,2,0
pa:ti:.TextGrid,CV:CV:,a:,216.9014085,582.9113656,1185.397238,2711.777064,2,1,1
pa:ti:.TextGrid,CV:CV:,i:,253.5211268,321.1579048,2035.689749,2866.085468,2,2,0
pa:ti:-2.TextGrid,CV:CV:,a:,159.6194503,702.598855,1681.662441,2648.634874,1,1,1
pa:ti:-2.TextGrid,CV:CV:,i:,427.0613108,310.5239598,2091.369832,3016.401688,1,2,0
pa:ti:-2.TextGrid,CV:CV:,a:,194.4206009,594.601831,1402.290621,2575.644726,2,1,1
pa:ti:-2.TextGrid,CV:CV:,i:,262.6609442,329.1550195,1763.216699,2842.227822,2,2,0
pa:ti:-3.TextGrid,CV:CV:,a:,167.7927928,688.8683427,1545.624618,2470.708491,1,1,1
pa:ti:-3.TextGrid,CV:CV:,i:,297.2972973,317.3180701,2081.429075,3191.098165,1,2,0
pa:ti:-3.TextGrid,CV:CV:,a:,201.8691589,649.352074,1509.715468,2567.106574,2,1,1
pa:ti:-3.TextGrid,CV:CV:,i:,234.1121495,319.3403166,1845.538973,3032.1269,2,2,0
paxtə.TextGrid,CaxCV,a,70.77205882,781.1006545,1775.138783,3158.960864,1,1,1
paxtə.TextGrid,CaxCV,ə,98.34558824,496.4835919,1440.867016,2720.324171,1,2,0
paxtə.TextGrid,CaxCV,a,93.01310044,711.0226524,1558.527764,2909.039824,2,1,1
paxtə.TextGrid,CaxCV,ə,140.1746725,391.5177829,1442.126082,2756.359879,2,2,0
paxtə-2.TextGrid,CaxCV,a,61.00217865,951.4797319,2025.205925,3230.377324,1,1,1
paxtə-2.TextGrid,CaxCV,ə,159.0413943,647.3010552,1774.816639,2988.978936,1,2,0
paxtə-2.TextGrid,CaxCV,a,155.7142857,741.121795,1645.254968,2791.982491,2,1,1
paxtə-2.TextGrid,CaxCV,ə,165.7142857,554.9250584,1532.420891,2900.352787,2,2,0
paxtə-3.TextGrid,CaxCV,a,138.5729059,837.9869898,1708.110293,2932.360986,1,1,1
paxtə-3.TextGrid,CaxCV,ə,143.7435367,668.7007363,1669.166731,2801.49792,1,2,0
paxtə-3.TextGrid,CaxCV,a,147.9069767,720.5189186,1696.563643,2744.675816,2,1,1
paxtə-3.TextGrid,CaxCV,ə,142.3255814,585.4101096,1689.059811,2964.114078,2,2,0
paxtəx.TextGrid,CaxCax,a,71.99211045,807.1428035,2108.838929,3020.540236,1,1,1
paxtəx.TextGrid,CaxCax,ə,45.36489152,515.7569672,1142.326825,2671.549885,1,2,0
paxtəx.TextGrid,CaxCax,a,86.45833333,666.152342,1538.252879,2806.879824,2,1,1
paxtəx.TextGrid,CaxCax,ə,69.79166667,440.8936698,1222.076502,2650.695575,2,2,0
paxtəx-2.TextGrid,CaxCax,a,102.2267206,674.6865917,1217.110731,2653.932377,1,1,1
paxtəx-2.TextGrid,CaxCax,ə,96.15384615,571.3106742,1538.777525,2733.490533,1,2,0
paxtəx-2.TextGrid,CaxCax,a,116.3793103,857.9623785,1837.253502,2996.692268,2,1,1
paxtəx-2.TextGrid,CaxCax,ə,117.6724138,634.4138609,1679.331074,2769.207339,2,2,0
paxtəx-3.TextGrid,CaxCax,a,74.39613527,763.6730809,1580.223359,2792.582799,1,1,1
paxtəx-3.TextGrid,CaxCax,ə,83.09178744,649.7391847,1594.128003,2502.83406,1,2,0
paxtəx-3.TextGrid,CaxCax,a,129.9107143,790.9123274,1720.013293,3044.797521,2,1,1
paxtəx-3.TextGrid,CaxCax,ə,91.07142857,461.500851,1270.846929,2449.7115,2,2,0
paxti:.TextGrid,CaxCV:,a,92.55319149,600.8454253,1303.41689,2455.145041,1,1,0
paxti:.TextGrid,CaxCV:,i:,193.6170213,355.1057411,1798.220483,2892.550271,1,2,1
paxti:.TextGrid,CaxCV:,a,145.5696203,709.754502,1491.019888,2900.935863,2,1,0
paxti:.TextGrid,CaxCV:,i:,197.4683544,355.849195,1803.199244,2808.446865,2,2,1
paxti:-2.TextGrid,CaxCV:,a,94.53781513,818.4867255,1534.615486,2626.626966,1,1,0
paxti:-2.TextGrid,CaxCV:,i:,233.1932773,329.4418378,1996.508546,2829.92701,1,2,1
paxti:-2.TextGrid,CaxCV:,a,115.0862069,709.9386671,1594.375844,2504.625291,2,1,0
paxti:-2.TextGrid,CaxCV:,i:,232.7586207,377.5749409,1541.251893,2792.839626,2,2,1
paxti:-3.TextGrid,CaxCV:,a,137.603796,752.6314733,1546.269921,2687.871698,1,1,0
paxti:-3.TextGrid,CaxCV:,i:,429.4187426,299.6573715,1790.601995,2676.39546,1,2,1
paxti:-3.TextGrid,CaxCV:,a,99.20318725,609.1501466,1481.274787,2644.393945,2,1,0
paxti:-3.TextGrid,CaxCV:,i:,331.0756972,351.1876786,1912.582403,2831.069436,2,2,1
pi:sə.TextGrid,CV:CV,i:,127.5510204,235.1313104,2115.243844,3106.466621,1,1,1
pi:sə.TextGrid,CV:CV,ə,107.1428571,399.0389518,1209.020342,2987.086409,1,2,0
pi:sə.TextGrid,CV:CV,i:,138.7665198,284.1108121,1849.667948,3016.803548,2,1,1
pi:sə.TextGrid,CV:CV,ə,103.0837004,238.1674762,1312.310319,2674.002631,2,2,0
pi:sə-2.TextGrid,CV:CV,i:,124.5551601,248.8997546,1957.983235,2972.254059,1,1,1
pi:sə-2.TextGrid,CV:CV,ə,87.78173191,401.721016,1260.342353,2767.294993,1,2,0
pi:sə-2.TextGrid,CV:CV,i:,132.038835,262.7305265,2087.99024,3038.489618,2,1,1
pi:sə-2.TextGrid,CV:CV,ə,74.75728155,395.6158674,1301.53907,2795.417919,2,2,0
pi:sə-3.TextGrid,CV:CV,i:,127.5088548,254.0335791,2092.073796,2725.179601,1,1,1
pi:sə-3.TextGrid,CV:CV,ə,92.08972845,410.8350155,1364.093199,2789.719499,1,2,0
pi:sə-3.TextGrid,CV:CV,i:,159.8253275,297.5633738,1868.171134,2980.338879,2,1,1
pi:sə-3.TextGrid,CV:CV,ə,95.63318777,328.1485103,1271.141278,2706.088682,2,2,0
po:kə.TextGrid,CV:CV,o:,138.6934673,489.8578425,1425.482356,2827.408073,1,1,1
po:kə.TextGrid,CV:CV,ə,144.7236181,474.7665061,1222.557177,2832.581408,1,2,0
po:kə.TextGrid,CV:CV,o:,135.3535354,433.3063472,1112.88223,2350.053013,2,1,1
po:kə.TextGrid,CV:CV,ə,73.73737374,445.6411223,1150.872081,2841.314558,2,2,0
po:kə-2.TextGrid,CV:CV,o:,146.0885957,587.4603393,1605.988828,2558.20997,1,1,1
po:kə-2.TextGrid,CV:CV,ə,147.0311027,464.3714072,1306.784289,2685.549106,1,2,0
po:kə-2.TextGrid,CV:CV,o:,186.8852459,526.7678486,1596.885817,2333.802567,2,1,1
po:kə-2.TextGrid,CV:CV,ə,137.704918,416.0183323,1166.336235,2709.180249,2,2,0
po:kə-3.TextGrid,CV:CV,o:,156.6018424,544.6100202,1571.626462,2696.016353,1,1,1
po:kə-3.TextGrid,CV:CV,ə,103.3776868,381.0494514,1386.326658,2750.496858,1,2,0
po:kə-3.TextGrid,CV:CV,o:,182.7160494,516.3250566,1358.914059,2446.411546,2,1,1
po:kə-3.TextGrid,CV:CV,ə,108.6419753,411.2561433,1271.193468,2820.289576,2,2,0
potə.TextGrid,CVCV,ə,30.36238981,547.5158109,1576.056919,2928.332202,1,1,1
potə.TextGrid,CVCV,ə,92.06660137,500.5162179,1469.95996,2764.54841,1,2,0
potə.TextGrid,CVCV,ə,96.69421488,498.0130086,1286.394208,2616.628485,2,1,1
potə.TextGrid,CVCV,ə,115.2892562,429.0023924,1390.190277,2936.388342,2,2,0
potə-2.TextGrid,CVCV,ə,77.22772277,675.0279527,1484.29597,2676.784068,1,1,1
potə-2.TextGrid,CVCV,ə,105.9405941,474.7334669,1465.480699,2585.853111,1,2,0
potə-2.TextGrid,CVCV,ə,61.67247387,517.7367207,1370.485333,2621.443232,2,1,1
potə-2.TextGrid,CVCV,ə,108.7108014,402.1799373,1495.944913,2809.479218,2,2,0
potə-3.TextGrid,CVCV,ə,63.06306306,580.7903241,1539.315097,2619.630296,1,1,1
potə-3.TextGrid,CVCV,ə,105.1051051,464.4722028,1418.454666,2675.714909,1,2,0
potə-3.TextGrid,CVCV,ə,68.46473029,501.0394334,1439.221696,2791.293166,2,1,1
potə-3.TextGrid,CVCV,ə,115.7676349,419.1617103,1556.687638,2912.778624,2,2,0
ʃaxpə.TextGrid,CaxCV,a,58.47076462,660.1791937,1685.636315,2879.401281,1,1,1
ʃaxpə.TextGrid,CaxCV,ə,52.47376312,528.411259,1250.996618,2688.238031,1,2,0
ʃaxpə.TextGrid,CaxCV,a,93.33333333,643.3222964,1561.973829,2891.877059,2,1,1
ʃaxpə.TextGrid,CaxCV,ə,77.77777778,444.8259379,1147.421374,2678.75879,2,2,0
ʃaxpə-2.TextGrid,CaxCV,a,82.17592593,606.7168622,1645.365767,2874.600581,1,1,1
ʃaxpə-2.TextGrid,CaxCV,ə,115.7407407,747.046509,1745.840292,2778.460715,1,2,0
ʃaxpə-2.TextGrid,CaxCV,a,95.45454545,664.2835041,1690.030058,2873.833376,2,1,1
ʃaxpə-2.TextGrid,CaxCV,ə,150,400.6454,1333.188502,2703.628872,2,2,0
ʃaxpə-3.TextGrid,CaxCV,a,105.9751973,633.0425348,1545.156014,2614.069004,1,1,1
ʃaxpə-3.TextGrid,CaxCV,ə,100.3382187,700.751347,1631.22604,2763.006165,1,2,0
ʃaxpə-3.TextGrid,CaxCV,a,121.3953488,721.9624936,1707.52126,2937.365447,2,1,1
ʃaxpə-3.TextGrid,CaxCV,ə,132.5581395,633.5367032,1575.961669,2900.281114,2,2,0
ʃaxtəx.TextGrid,CaxCax,a,60.35379813,546.667381,1343.161167,2671.109752,1,1,1
ʃaxtəx.TextGrid,CaxCax,ə,35.3798127,464.1069852,1350.379201,2531.164358,1,2,0
ʃaxtəx.TextGrid,CaxCax,a,109.223301,625.2699883,1603.625746,2552.980841,2,1,1
ʃaxtəx.TextGrid,CaxCax,ə,71.3592233,448.5596672,1111.048138,2534.437996,2,2,0
ʃaxtəx-2.TextGrid,CaxCax,a,76.4262648,585.944941,1658.196469,2842.143059,1,1,1
ʃaxtəx-2.TextGrid,CaxCax,ə,79.6555436,622.545727,1760.092832,2675.55844,1,2,0
ʃaxtəx-2.TextGrid,CaxCax,a,113.1147541,675.1698822,1752.393501,2933.549385,2,1,1
ʃaxtəx-2.TextGrid,CaxCax,ə,76.2295082,446.7310486,1165.107651,2619.500795,2,2,0
ʃaxtəx-3.TextGrid,CaxCax,a,54.71562275,652.2646155,1722.355938,2958.5255,1,1,1
ʃaxtəx-3.TextGrid,CaxCax,ə,44.63642909,518.335267,1191.94046,2627.350878,1,2,0
ʃaxtəx-3.TextGrid,CaxCax,a,108.2191781,650.9896572,1657.155624,2916.333787,2,1,1
ʃaxtəx-3.TextGrid,CaxCax,ə,112.3287671,458.2995474,1099.330045,2604.402201,2,2,0
ʃa:pəx.TextGrid,CV:Cax,a:,175.7402101,618.783035,1483.591379,2570.990922,1,1,1
ʃa:pəx.TextGrid,CV:Cax,ə,51.57593123,688.6306468,1729.601225,2982.146857,1,2,0
ʃa:pəx.TextGrid,CV:Cax,a:,112.5925926,514.4659839,1370.639683,2293.528171,2,1,1
ʃa:pəx.TextGrid,CV:Cax,ə,54.07407407,506.4968405,1123.546918,2874.149542,2,2,0
ʃa:pəx-2.TextGrid,CV:Cax,a:,203.520352,625.3275704,1503.953539,2601.753592,1,1,1
ʃa:pəx-2.TextGrid,CV:Cax,ə,51.70517052,761.5662653,2027.815111,3245.81182,1,2,0
ʃa:pəx-2.TextGrid,CV:Cax,a:,236.6972477,545.950157,1486.591559,2572.958924,2,1,1
ʃa:pəx-2.TextGrid,CV:Cax,ə,96.33027523,588.5964405,1409.137265,2923.946735,2,2,0
ʃa:pəx-3.TextGrid,CV:Cax,a:,173.6111111,604.9383126,1357.93723,2505.486609,1,1,1
ʃa:pəx-3.TextGrid,CV:Cax,ə,35.71428571,543.4802419,1230.51611,2894.005603,1,2,0
ʃa:pəx-3.TextGrid,CV:Cax,a:,248.3253589,512.7345749,1297.356853,2608.246096,2,1,1
ʃa:pəx-3.TextGrid,CV:Cax,ə,80.38277512,583.8702117,1070.817326,2822.361088,2,2,0
sa:su:.TextGrid,CV:CV:,a:,172.907489,478.1669339,1168.114728,2453.984143,1,1,1
sa:su:.TextGrid,CV:CV:,u:,214.7577093,349.3805831,970.6965723,2811.233024,1,2,0
sa:su:.TextGrid,CV:CV:,a:,212.5,536.4842436,1442.761518,2605.34184,2,1,1
sa:su:.TextGrid,CV:CV:,u:,216.25,360.5500033,1110.1044,2710.452798,2,2,0
sa:su:-2.TextGrid,CV:CV:,a:,149.1395793,580.8216106,1427.840946,2616.888648,1,1,1
sa:su:-2.TextGrid,CV:CV:,u:,367.1128107,330.1393488,1085.125241,2663.211346,1,2,0
sa:su:-2.TextGrid,CV:CV:,a:,173.3840304,488.2604577,1325.826937,2326.842593,2,1,1
sa:su:-2.TextGrid,CV:CV:,u:,222.4334601,404.1237162,1330.318603,2613.753089,2,2,0
sa:su:-3.TextGrid,CV:CV:,a:,174.0976645,446.2762203,1135.442451,2732.303792,1,1,1
sa:su:-3.TextGrid,CV:CV:,u:,360.9341826,368.9402105,1161.802621,2539.976563,1,2,0
sa:su:-3.TextGrid,CV:CV:,a:,209.4827586,601.8314404,1491.944249,2530.716028,2,1,1
sa:su:-3.TextGrid,CV:CV:,u:,280.6034483,364.7968441,1283.185832,2526.306877,2,2,0
sati:.TextGrid,CVCV:,a,144.7963801,573.1657631,1480.906047,2723.138218,1,1,0
sati:.TextGrid,CVCV:,i:,322.39819,308.3911689,2001.297435,3100.643467,1,2,1
sati:.TextGrid,CVCV:,a,40.58272633,560.0779342,1570.3921,2652.691607,2,1,0
sati:.TextGrid,CVCV:,i:,64.30801249,301.6194313,1975.302048,2851.902528,2,2,1
sati:-2.TextGrid,CVCV:,a,166.4932362,614.4269224,1369.02902,2582.767334,1,1,0
sati:-2.TextGrid,CVCV:,i:,210.1977107,351.5243818,2082.632133,3083.430514,1,2,1
sati:-2.TextGrid,CVCV:,a,436.3636364,610.7344745,1374.25476,2481.104922,2,1,0
sati:-2.TextGrid,CVCV:,i:,507.2727273,338.6535573,1990.765554,3176.140704,2,2,1
sati:-3.TextGrid,CVCV:,a,132.8200192,584.7167202,1469.356773,2697.676549,1,1,0
sati:-3.TextGrid,CVCV:,i:,263.7151107,295.3895976,1942.712867,2909.838094,1,2,1
sati:-3.TextGrid,CVCV:,a,175.1131222,604.8784575,1350.094996,2880.829608,2,1,0
sati:-3.TextGrid,CVCV:,i:,223.9819005,309.4670124,1956.433887,2959.006449,2,2,1
ʃaxsi:.TextGrid,CaxCV:,a,71.02272727,586.0484081,1466.662132,2752.776123,1,1,0
ʃaxsi:.TextGrid,CaxCV:,i:,171.4015152,309.0399944,1975.950799,3060.935911,1,2,1
ʃaxsi:.TextGrid,CaxCV:,a,126.4705882,608.5798116,1617.371777,2669.947293,2,1,0
ʃaxsi:.TextGrid,CaxCV:,i:,208.8235294,320.5662765,1920.908868,3058.556965,2,2,1
ʃaxsi:-2.TextGrid,CaxCV:,a,75.05285412,565.7290491,1522.418514,2734.854055,1,1,0
ʃaxsi:-2.TextGrid,CaxCV:,i:,278.012685,316.2945601,1808.400054,2978.555643,1,2,1
ʃaxsi:-2.TextGrid,CaxCV:,a,121.7948718,612.3009045,1557.694036,2754.68467,2,1,0
ʃaxsi:-2.TextGrid,CaxCV:,i:,212.8205128,334.7527683,1851.429668,3048.841715,2,2,1
ʃaxsi:-3.TextGrid,CaxCV:,a,75.75757576,663.8987403,1682.972507,2801.019927,1,1,0
ʃaxsi:-3.TextGrid,CaxCV:,i:,284.6320346,313.5839203,1913.313268,2994.555152,1,2,1
ʃaxsi:-3.TextGrid,CaxCV:,a,108.4158416,658.7451842,1641.765226,2805.174213,2,1,0
ʃaxsi:-3.TextGrid,CaxCV:,i:,253.960396,333.8407345,1883.090229,2918.229055,2,2,1
ʃaxto:.TextGrid,CaxCV:,a,68.8372093,441.5918177,1276.402087,2748.003918,1,1,0
ʃaxto:.TextGrid,CaxCV:,o:,193.4883721,395.9340242,1028.594608,2841.939456,1,2,1
ʃaxto:.TextGrid,CaxCV:,a,90.72580645,477.7801321,1441.745587,2665.546907,2,1,0
ʃaxto:.TextGrid,CaxCV:,o:,260.0806452,442.7706281,1131.5135,3076.431714,2,2,1
ʃaxto:-2.TextGrid,CaxCV:,a,114.4883485,592.1075229,1324.542354,2601.087393,1,1,0
ʃaxto:-2.TextGrid,CaxCV:,o:,302.9381966,524.3668998,1434.817193,2597.752192,1,2,1
ʃaxto:-2.TextGrid,CaxCV:,a,158.0645161,735.0940651,1715.641723,2753.901597,2,1,0
ʃaxto:-2.TextGrid,CaxCV:,o:,337.0967742,458.9055585,1217.217422,2575.832411,2,2,1
ʃaxto:-3.TextGrid,CaxCV:,a,101.5625,696.224394,1604.536171,2615.706771,1,1,0
ʃaxto:-3.TextGrid,CaxCV:,o:,312.5,469.5928363,1313.964964,2633.249617,1,2,1
ʃaxto:-3.TextGrid,CaxCV:,a,120.6185567,695.7949769,1699.55551,2923.290193,2,1,0
ʃaxto:-3.TextGrid,CaxCV:,o:,287.628866,508.7918915,1251.755913,2595.808687,2,2,1
ʃaxtu:.TextGrid,CaxCV:,a,62.25680934,572.9231319,1247.902854,2699.832455,1,1,0
ʃaxtu:.TextGrid,CaxCV:,u:,243.1906615,389.584668,1111.062786,3165.082317,1,2,1
ʃaxtu:.TextGrid,CaxCV:,a,89.47368421,574.8572841,1447.075013,2819.456639,2,1,0
ʃaxtu:.TextGrid,CaxCV:,o:,236.8421053,469.273032,1287.096592,2980.412145,2,2,1
ʃaxtu:-2.TextGrid,CaxCV:,a,55.88235294,377.8956256,1146.944098,2624.849162,1,1,0
ʃaxtu:-2.TextGrid,CaxCV:,u:,219.6078431,430.1071111,1396.096414,2784.525967,1,2,1
ʃaxtu:-2.TextGrid,CaxCV:,a,114.8648649,629.8500549,1723.447053,2811.555198,2,1,0
ʃaxtu:-2.TextGrid,CaxCV:,o:,278.3783784,402.4784501,1159.943383,2600.58142,2,2,1
ʃaxtu:-3.TextGrid,CaxCV:,a,83.90804598,523.5211246,1632.587302,2884.213457,1,1,0
ʃaxtu:-3.TextGrid,CaxCV:,u:,278.1609195,414.1155658,1258.908697,2582.096006,1,2,1
ʃaxtu:-3.TextGrid,CaxCV:,a,124.0384615,650.7016575,1714.522636,2942.87636,2,1,0
ʃaxtu:-3.TextGrid,CaxCV:,u:,288.4615385,441.1993596,1224.066647,2557.219187,2,2,1
ʃe:ʃəx.TextGrid,CV:Cax,e:,166.4791901,422.5017842,1550.849581,2746.42256,1,1,1
ʃe:ʃəx.TextGrid,CV:Cax,ə,74.24071991,693.3147918,1779.381781,2867.359483,1,2,0
ʃe:ʃəx.TextGrid,CV:Cax,e:,177.1551724,442.0264134,1630.935689,2718.339164,2,1,1
ʃe:ʃəx.TextGrid,CV:Cax,ə,75,526.5751974,1345.019787,2567.02296,2,2,0
ʃe:ʃəx-2.TextGrid,CV:Cax,e:,144.4568869,383.8397991,1659.247902,2766.514346,1,1,1
ʃe:ʃəx-2.TextGrid,CV:Cax,ə,55.99104143,510.6437444,1338.759653,2362.00358,1,2,0
ʃe:ʃəx-2.TextGrid,CV:Cax,e:,166.25,469.2235147,1744.696779,2693.622959,2,1,1
ʃe:ʃəx-2.TextGrid,CV:Cax,ə,53.75,617.720285,1655.606031,2709.057204,2,2,0
ʃe:ʃəx-3.TextGrid,CV:Cax,e:,150.5791506,374.3813595,1997.767277,3186.969588,1,1,1
ʃe:ʃəx-3.TextGrid,CV:Cax,ə,71.42857143,486.6586104,1716.372913,2790.47657,1,2,0
ʃe:ʃəx-3.TextGrid,CV:Cax,e:,192.0454545,375.2035334,1888.687973,3115.213832,2,1,1
ʃe:ʃəx-3.TextGrid,CV:Cax,ə,32.95454545,475.9744138,1333.64841,2485.340438,2,2,0
ʃekʲəx.TextGrid,CVCax,e,120.9039548,387.549808,1934.812117,3022.236814,1,1,0
ʃekʲəx.TextGrid,CVCax,ə,68.92655367,520.2090726,1471.383007,2688.118979,1,2,1
ʃekʲəx.TextGrid,CVCax,e,167.0103093,481.1310895,1739.10125,2947.700786,2,1,0
ʃekʲəx.TextGrid,CVCax,ə,139.1752577,606.655283,1515.056982,2712.385768,2,2,1
ʃekəx-2.TextGrid,CVCax,e,77.49627422,433.2266428,1754.316281,2793.435215,1,1,0
ʃekəx-2.TextGrid,CVCax,ə,70.78986587,602.8108119,1658.053059,2779.158366,1,2,1
ʃekəx-2.TextGrid,CVCax,e,151.3761468,425.6812035,1941.12086,2840.095773,2,1,0
ʃekəx-2.TextGrid,CVCax,ə,107.3394495,500.9815806,1452.45793,2498.870306,2,2,1
ʃekʲəx-3.TextGrid,CVCax,e,163.6971047,367.9419295,1725.929834,2756.765388,1,1,0
ʃekʲəx-3.TextGrid,CVCax,ə,59.02004454,555.9758768,1706.322453,2963.416144,1,2,1
ʃekʲəx-3.TextGrid,CVCax,e,162.1276596,329.3852067,1857.988864,3132.62946,2,1,0
ʃekʲəx-3.TextGrid,CVCax,ə,103.4042553,566.3784423,1601.513851,2922.858503,2,2,1
ʃi:ke:.TextGrid,CV:CV:,i:,136.659436,313.8685844,2071.899215,3186.161299,1,1,1
ʃi:ke:.TextGrid,CV:CV:,e:,246.2039046,392.3400807,1721.786011,2767.01074,1,2,0
ʃi:ke:.TextGrid,CV:CV:,i:,97.95918367,300.1866639,2144.151481,3141.8197,2,1,1
ʃi:ke:.TextGrid,CV:CV:,e:,329.3877551,364.916558,1881.486271,3044.842674,2,2,0
ʃi:ke:-2.TextGrid,CV:CV:,i:,106.3607925,306.3896434,2146.794911,3093.76821,1,1,1
ʃi:ke:-2.TextGrid,CV:CV:,e:,241.9186653,460.63748,1504.653198,2768.160339,1,2,0
ʃi:ke:-2.TextGrid,CV:CV:,i:,134.1013825,295.8704932,2138.702126,3042.443572,2,1,1
ʃi:ke:-2.TextGrid,CV:CV:,e:,326.2672811,488.3608539,1711.340964,2873.271895,2,2,0
ʃi:ke:-3.TextGrid,CV:CV:,i:,86.40674394,304.2295731,1907.744349,2932.465117,1,1,1
ʃi:ke:-3.TextGrid,CV:CV:,e:,403.5827187,494.2558537,1798.538237,2823.893875,1,2,0
ʃi:ke:-3.TextGrid,CV:CV:,i:,127.4193548,303.1440943,2136.16722,3204.81844,2,1,1
ʃi:ke:-3.TextGrid,CV:CV:,e:,441.9354839,391.9816256,1627.90308,2754.093514,2,2,0
so:pə.TextGrid,CV:CV,o:,155.9546314,492.4842293,1333.322968,2387.603562,1,1,1
so:pə.TextGrid,CV:CV,ə,120.0378072,566.782529,1606.93896,2808.39862,1,2,0
so:pə.TextGrid,CV:CV,o:,212.5560538,400.4833499,1137.87117,2307.904866,2,1,1
so:pə.TextGrid,CV:CV,ə,191.0313901,528.3961615,1421.187813,2802.040792,2,2,0
so:pə-2.TextGrid,CV:CV,o:,153.5393819,525.2207276,1364.479236,2506.170596,1,1,1
so:pə-2.TextGrid,CV:CV,ə,86.73978066,543.144998,1212.541892,2621.319134,1,2,0
so:pə-2.TextGrid,CV:CV,o:,190.2439024,504.874109,1329.648853,2517.199277,2,1,1
so:pə-2.TextGrid,CV:CV,ə,137.804878,412.824799,1432.492994,2712.493435,2,2,0
so:pə-3.TextGrid,CV:CV,o:,175.8584807,523.2861405,1372.033978,2322.675312,1,1,1
so:pə-3.TextGrid,CV:CV,ə,143.6004162,541.9121592,1299.11224,2548.203556,1,2,0
so:pə-3.TextGrid,CV:CV,o:,210.1382488,498.0739395,1376.271553,2617.6795,2,1,1
so:pə-3.TextGrid,CV:CV,ə,116.1290323,344.7686219,1141.685704,2734.371442,2,2,0
ʃopə.TextGrid,CVCV,o,74.2913001,386.2327699,1215.725821,2422.725886,1,1,1
ʃopə.TextGrid,CVCV,ə,151.5151515,645.9512488,1575.475932,2822.461817,1,2,0
ʃopə.TextGrid,CVCV,o,87.83783784,415.7494793,1302.134604,2682.776326,2,1,1
ʃopə.TextGrid,CVCV,ə,117.5675676,433.4269663,1202.016801,2467.066121,2,2,0
ʃopə-2.TextGrid,CVCV,o,80.96280088,562.5145809,1582.080123,2807.763586,1,1,1
ʃopə-2.TextGrid,CVCV,ə,161.9256018,514.6506887,1460.880604,2755.665121,1,2,0
ʃopə-2.TextGrid,CVCV,o,86.49635036,397.095583,1329.614308,2487.419591,2,1,1
ʃopə-2.TextGrid,CVCV,ə,130.2919708,561.4852712,1635.560113,2943.062921,2,2,0
ʃopə-3.TextGrid,CVCV,o,66.21226874,418.7053547,1402.61943,2448.501851,1,1,1
ʃopə-3.TextGrid,CVCV,ə,134.3719572,573.4919617,1475.256488,2868.877834,1,2,0
ʃopə-3.TextGrid,CVCV,o,81.0483871,448.6485997,1393.428283,2655.964105,2,1,1
ʃopə-3.TextGrid,CVCV,ə,182.6612903,428.4175545,1367.633821,2620.380563,2,2,0
taki:.TextGrid,CVCV:,a,76.40232108,610.5464691,1527.63381,2759.798358,1,1,0
taki:.TextGrid,CVCV:,i:,372.3404255,268.6025713,2121.613427,3034.068506,1,2,1
taki:.TextGrid,CVCV:,a,122.3684211,506.8806279,1285.743681,2795.300252,2,1,0
taki:.TextGrid,CVCV:,i:,335.5263158,291.337087,2078.884837,3018.889852,2,2,1
taki:-2.TextGrid,CVCV:,a,115.2993348,561.7513456,1443.357734,2821.910139,1,1,0
taki:-2.TextGrid,CVCV:,i:,250.5543237,292.9629601,2031.056329,3018.895677,1,2,1
taki:-2.TextGrid,CVCV:,a,156.5217391,516.8498541,1539.795277,2867.315736,2,1,0
taki:-2.TextGrid,CVCV:,i:,273.9130435,311.2153154,1779.818234,2907.424368,2,2,1
taki:-3.TextGrid,CVCV:,a,119.3866375,543.5531661,1450.59829,2468.785569,1,1,0
taki:-3.TextGrid,CVCV:,i:,235.4874042,357.5283785,1676.914924,2869.552047,1,2,1
taki:-3.TextGrid,CVCV:,a,115.8536585,525.5080273,1558.734161,2456.847387,2,1,0
taki:-3.TextGrid,CVCV:,i:,275.6097561,305.5453843,2010.449523,2819.4686,2,2,1
taku:.TextGrid,CVCV:,a,84.04255319,515.8293919,1481.375472,2685.363169,1,1,0
taku:.TextGrid,CVCV:,u:,220.212766,325.5767684,1032.649795,2666.246198,1,2,1
taku:.TextGrid,CVCV:,a,157.5418994,563.2517471,1419.704834,2725.256987,2,1,0
taku:.TextGrid,CVCV:,u:,301.6759777,320.3205398,1046.929377,2622.014236,2,2,1
taku:-2.TextGrid,CVCV:,a,110.3379722,614.6764956,1429.959904,2448.079605,1,1,0
taku:-2.TextGrid,CVCV:,u:,225.6461233,411.6542995,1189.918445,2676.523434,1,2,1
taku:-2.TextGrid,CVCV:,a,148.5714286,540.6027051,1594.733349,2691.214934,2,1,0
taku:-2.TextGrid,CVCV:,u:,292.8571429,351.8488901,1264.213485,2652.371835,2,2,1
taku:-3.TextGrid,CVCV:,a,77.5862069,623.85187,1502.426607,2800.721559,1,1,0
taku:-3.TextGrid,CVCV:,o:,198.9942529,419.2072461,1178.748431,2751.297357,1,2,1
taku:-3.TextGrid,CVCV:,a,130.1020408,547.9778092,1584.514038,2529.060876,2,1,0
taku:-3.TextGrid,CVCV:,o:,255.6122449,436.135508,1207.399093,2813.743884,2,2,1
taxpa:.TextGrid,CaxCV:,a,76.06490872,652.8380752,1452.732704,2551.442198,1,1,0
taxpa:.TextGrid,CaxCV:,a:,309.3306288,518.388828,1242.540152,2816.539045,1,2,1
taxpa:.TextGrid,CaxCV:,a,169.4915254,579.4345024,1404.423263,2773.501998,2,1,0
taxpa:.TextGrid,CaxCV:,a:,389.8305085,583.3357247,1291.880373,2635.7545,2,2,1
taxpa:-2.TextGrid,CaxCV:,a,69.07894737,640.1834612,1696.707524,2945.243159,1,1,0
taxpa:-2.TextGrid,CaxCV:,a:,358.5526316,655.2458741,1644.19682,2688.918975,1,2,1
taxpa:-2.TextGrid,CaxCV:,a,172.6744186,699.3750445,1617.324153,2888.334847,2,1,0
taxpa:-2.TextGrid,CaxCV:,a:,359.3023256,707.7473543,1614.098006,2761.004715,2,2,1
taxpa:-3.TextGrid,CaxCV:,a,102.5390625,724.3783189,1648.568548,2837.199835,1,1,0
taxpa:-3.TextGrid,CaxCV:,a:,285.15625,549.8729197,1383.877121,2729.458409,1,2,1
taxpa:-3.TextGrid,CaxCV:,a,112.8571429,758.8969371,1802.579821,2750.446332,2,1,0
taxpa:-3.TextGrid,CaxCV:,a:,277.1428571,569.8944319,1423.771981,2686.478897,2,2,1
taxtə.TextGrid,CaxCV,a,109.1891892,727.0500022,1685.764234,2831.952195,1,1,1
taxtə.TextGrid,CaxCV,ə,152.4324324,620.9351331,1649.861814,2809.796524,1,2,0
taxtə.TextGrid,CaxCV,a,127.027027,663.8037954,1625.605682,2741.137329,2,1,1
taxtə.TextGrid,CaxCV,ə,155.4054054,415.5586796,1483.571654,2716.82886,2,2,0
taxtə-2.TextGrid,CaxCV,a,125.2873563,664.2198444,1346.944803,2556.938057,1,1,1
taxtə-2.TextGrid,CaxCV,ə,88.50574713,606.485391,1671.1115,2523.740059,1,2,0
taxtə-2.TextGrid,CaxCV,a,109.6385542,694.1225739,1359.617281,2557.570265,2,1,1
taxtə-2.TextGrid,CaxCV,ə,162.6506024,494.6794514,1551.923842,2777.850626,2,2,0
taxtə-3.TextGrid,CaxCV,a,118.2669789,701.1696867,1664.028553,2785.109399,1,1,1
taxtə-3.TextGrid,CaxCV,ə,135.8313817,667.113642,1661.93203,2825.674421,1,2,0
taxtə-3.TextGrid,CaxCV,a,112.8712871,654.9167129,1595.027536,2794.53971,2,1,1
taxtə-3.TextGrid,CaxCV,ə,166.3366337,567.3949772,1566.339269,2845.642895,2,2,0
taxtəx.TextGrid,CaxCax,a,67.21820062,749.0311979,1539.929062,2773.672645,1,1,1
taxtəx.TextGrid,CaxCax,ə,40.33092037,520.7021012,1128.793933,2610.99469,1,2,0
taxtəx.TextGrid,CaxCax,a,150,755.7264496,1760.483502,2640.459485,2,1,1
taxtəx.TextGrid,CaxCax,ə,57.69230769,496.1691439,1209.977666,2593.636061,2,2,0
taxtəx-2.TextGrid,CaxCax,a,94.60737938,669.888094,1675.98054,2566.229541,1,1,1
taxtəx-2.TextGrid,CaxCax,ə,83.25449385,551.9063503,1380.956269,2595.685542,1,2,0
taxtəx-2.TextGrid,CaxCax,a,133.3333333,663.8758478,1599.611284,2671.086628,2,1,1
taxtəx-2.TextGrid,CaxCax,ə,141.6666667,520.0229672,1236.722588,2513.686323,2,2,0
taxtəx-3.TextGrid,CaxCax,a,105.5495103,790.6327287,1597.506021,2743.320362,1,1,1
taxtəx-3.TextGrid,CaxCax,ə,72.90533188,626.3896915,1505.305573,2793.998884,1,2,0
taxtəx-3.TextGrid,CaxCax,a,143.5483871,774.3344148,1765.045882,2990.352398,2,1,1
taxtəx-3.TextGrid,CaxCax,ə,93.5483871,580.1245487,1465.388054,2870.490235,2,2,0
təsax.TextGrid,CVCax,ə,37.90983607,437.8134405,1474.6408,2992.72102,1,1,0
təsax.TextGrid,CVCax,a,127.0491803,640.4398496,1373.965104,2670.979467,1,2,1
təsax.TextGrid,CVCax,ə,71.875,332.3965707,1499.075867,3023.648532,2,1,0
təsax.TextGrid,CVCax,a,221.875,649.1348172,1440.810747,2847.626526,2,2,1
təsax-2.TextGrid,CVCax,ə,30.12746234,269.658257,1437.940527,2818.570094,1,1,0
təsax-2.TextGrid,CVCax,a,144.8435689,596.7576864,1271.808281,2449.77991,1,2,1
təsax-2.TextGrid,CVCax,ə,37.26708075,274.3984414,1303.80152,2988.326855,2,1,0
təsax-2.TextGrid,CVCax,a,251.552795,660.2369902,1464.300709,2561.353943,2,2,1
təsax-3.TextGrid,CVCax,ə,50.89058524,344.4448828,1251.171889,2604.147048,1,1,0
təsax-3.TextGrid,CVCax,a,139.9491094,693.1623958,1446.304881,2415.834616,1,2,1
təsax-3.TextGrid,CVCax,ə,55.33980583,294.1911,1515.197492,3007.684677,2,1,0
təsax-3.TextGrid,CVCax,a,216.9902913,645.271673,1398.143653,2779.826029,2,2,1
təsi:.TextGrid,CVCV:,ə,113.1167268,632.0385539,1582.737472,2872.871632,1,1,0
təsi:.TextGrid,CVCV:,i:,251.5042118,316.6501289,1851.701202,3028.591753,1,2,1
təsi:.TextGrid,CVCV:,ə,100.9615385,470.5812241,1565.051194,2735.182813,2,1,0
təsi:.TextGrid,CVCV:,i:,259.6153846,317.7031076,1945.968737,2995.749789,2,2,1
təsi:-2.TextGrid,CVCV:,ə,124.0808824,625.8932711,1600.458909,2788.999902,1,1,0
təsi:-2.TextGrid,CVCV:,i:,204.0441176,352.0403259,1920.941059,2961.227682,1,2,1
təsi:-2.TextGrid,CVCV:,ə,139.7435897,523.3292964,1586.646421,2689.953026,2,1,0
təsi:-2.TextGrid,CVCV:,i:,221.7948718,320.7661541,1774.066801,2925.680735,2,2,1
təsi:-3.TextGrid,CVCV:,ə,88.17427386,489.2698486,1513.375848,2736.880622,1,1,0
təsi:-3.TextGrid,CVCV:,i:,260.373444,345.0715749,2022.931355,3016.158173,1,2,1
təsi:-3.TextGrid,CVCV:,ə,112.3222749,476.2080909,1447.186799,2416.54319,2,1,0
təsi:-3.TextGrid,CVCV:,i:,264.4549763,340.2892843,1796.570208,2992.538682,2,2,1
tu:təx.TextGrid,CV:Cax,u:,128.440367,458.7521724,1299.718883,2668.44484,1,1,1
tu:təx.TextGrid,CV:Cax,ə,95.82059123,561.6390984,1474.716187,2638.280777,1,2,0
tu:təx.TextGrid,CV:Cax,u:,153,332.2148818,1265.489148,2535.246449,2,1,1
tu:təx.TextGrid,CV:Cax,ə,123,602.084519,1542.434907,2948.028803,2,2,0
tu:təx-2.TextGrid,CV:Cax,u:,127.3062731,555.893572,1577.38159,2749.153234,1,1,1
tu:təx-2.TextGrid,CV:Cax,ə,55.35055351,514.7727376,1199.929447,2855.701209,1,2,0
tu:təx-2.TextGrid,CV:Cax,u:,170.6161137,427.1261559,1297.006293,2643.66792,2,1,1
tu:təx-2.TextGrid,CV:Cax,ə,115.1658768,558.5952096,1518.291137,2847.40437,2,2,0
tu:təx-3.TextGrid,CV:Cax,u:,122.5296443,376.9533951,1181.241187,2604.450542,1,1,1
tu:təx-3.TextGrid,CV:Cax,ə,41.8972332,538.5871615,1179.24881,2752.922757,1,2,0
tu:təx-3.TextGrid,CV:Cax,u:,200.4878049,372.8398057,1263.15403,2549.690292,2,1,1
tu:təx-3.TextGrid,CV:Cax,ə,98.04878049,472.1067854,1313.972834,2719.427915,2,2,0
vo:ti:.TextGrid,CV:CV:,o:,148.4759095,483.422216581249,1112.25617254278,2312.53083913873,1,1,1
vo:ti:.TextGrid,CV:CV:,i:,276.3028515,312.2965037,1935.547014,2996.804391,1,2,0
vo:ti:.TextGrid,CV:CV:,o:,186.9955157,429.557985,1284.584595,2743.426427,2,1,1
vo:ti:.TextGrid,CV:CV:,i:,351.1210762,278.4078231,1995.450273,2768.353578,2,2,0
vo:ti:-2.TextGrid,CV:CV:,o:,160,497.171595981136,1309.55433005483,2391.68943629303,1,1,1
vo:ti:-2.TextGrid,CV:CV:,i:,312.2222222,306.0979791,2040.229658,3054.859238,1,2,0
vo:ti:-2.TextGrid,CV:CV:,o:,120.1923077,517.8047058,1581.830744,2409.01236,2,1,1
vo:ti:-2.TextGrid,CV:CV:,i:,279.8076923,354.2054725,1586.695921,2764.588936,2,2,0
vo:ti:-3.TextGrid,CV:CV:,o:,160.2434077,420.61464104238,1261.49388804842,2341.87670117452,1,1,1
vo:ti:-3.TextGrid,CV:CV:,i:,311.3590264,301.6342383,2048.45204,2968.195867,1,2,0
vo:ti:-3.TextGrid,CV:CV:,o:,128.5714286,431.9317296,1242.845552,2438.115928,2,1,1
vo:ti:-3.TextGrid,CV:CV:,i:,268.3673469,353.6692971,1892.989109,2983.588813,2,2,0
