file,vowel,F1,F2,F3,file,vowel,F1,F2,F3,file,vowel,F1,F2,F3,file,vowel,F1,F2,F3
baapach-2,a:,605.9901755,1185.448267,2389.442306,baapach-2,ə,593.5817019,1157.433934,2491.647872,baapach-2,a:,577.2962491,1421.068725,2557.233351,baapach-2,ə,547.7026452,1229.144959,2802.322506
baapach-3,a:,701.8907216,1332.869993,2616.132531,baapach-3,ə,600.1184854,1034.178712,2696.490359,baapach-3,a:,696.1262359,1466.512463,2736.042401,,,,,
baapach,a:,774.024723,1503.986532,2737.11296,baapach,ə,475.5159885,1362.685831,2929.440778,baapach,a:,558.061099,1337.098378,2463.906413,baapach,ə,516.4104031,880.3575409,2465.085198
baasuu-2,a:,634.0855959,1396.397726,2412.413826,baasuu-2,u:,367.9571212,1036.345778,2884.927232,baasuu-2,a:,518.5260927,1355.157798,2624.259029,baasuu-2,u,366.2325383,1121.650087,2590.524612
baasuu-3,a:,575.6619179,1630.919495,2719.718233,baasuu-3,u:,358.833799,1174.607209,2668.007563,baasuu-3,a:,594.2827139,1603.251264,2578.868977,baasuu-3,u,442.0850189,1304.29764,2680.213812
baasuu,a:,607.308722,1197.778661,2333.420038,baasuu,u:,311.1049117,926.297494,3077.757303,baasuu,a:,521.2329934,1173.313714,2510.094214,baasuu,u,332.6016846,1038.433061,3039.974987
bacach-2,ə,515.1308127,1311.159458,2450.279483,bacach-2,a,569.390245,1313.116969,2611.297516,bacach-2,ə,334.9570698,1151.983403,2892.298929,bacach-2,a,602.9891386,1402.028108,2591.176586
bacach-3,ə,496.885588,1297.409058,2733.795304,bacach-3,a,725.7511686,1512.535296,2734.216123,bacach-3,ə,407.8767769,1249.669363,2602.963119,bacach-3,a,616.8234724,1479.708421,2649.485364
bacach-4,ə,455.913564,1326.256412,2832.973957,bacach-4,a,693.4064857,1448.110175,2696.272172,bacach-4,ə,326.7149955,1233.902252,2482.879971,bacach-4,a,616.7458278,1425.546942,2270.821609
bacach-5,ə,455.4374601,1308.000758,2908.182199,bacach-5,a,614.441536,1337.094716,2562.755049,bacach-5,ə,422.5326784,1318.869292,2760.776369,bacach-5,a,651.474676,1582.372116,2950.596026
bacach-6,ə,463.153457,1254.698808,2462.288388,bacach-6,a,639.7171436,1399.389734,2692.285635,bacach-6,ə,355.5292119,1150.097208,2655.746498,bacach-6,a,584.1725048,1326.851762,2594.251575
bacach,ə,491.1594478,1100.497805,2525.312349,bacach,a,520.9023632,1299.71061,2635.604843,bacach,ə,423.9718618,1316.184483,2920.992968,bacach,a,630.606388,1418.324597,2550.246285
bachta-2,a,696.8598747,1508.861429,2637.135616,bachta-2,ə,569.8988037,1671.583849,2822.151555,bachta-2,a,628.288705,1558.445559,2902.14961,bachta-2,ə,481.7800118,1380.642981,2757.540607
bachta-3,a,597.452377,1183.406294,2629.732735,bachta-3,ə,622.909291,1739.059329,3073.241319,bachta-3,a,697.0549571,1570.673174,2767.696461,bachta-3,ə,379.9670216,1216.152095,2499.652233
bachta-4,a,672.2582029,1432.591679,2780.701959,bachta-4,ə,424.8173335,1327.97481,2533.463968,bachta-4,a,744.4433389,1749.758245,2943.367575,bachta-4,ə,670.9503847,1742.472177,2937.231762
bachta,a,840.0413688,1501.836508,2567.936334,bachta,ə,609.0744941,1654.023827,3010.571068,bachta,a,731.6539774,1479.886957,2839.110659,bachta,ə,507.5572437,1617.489541,2838.771972
bachtach-2,a,710.9841844,1317.68751,2460.218052,bachtach-2,ə,517.903888,1280.781151,2711.024996,bachtach-2,a,690.3959561,1366.360018,2518.362419,bachtach-2,ə,576.6654298,1419.439331,2807.306687
bachtach-3,a,752.2218932,1506.958943,2688.888708,bachtach-3,ə,711.2273041,1597.92471,2669.456682,bachtach-3,a,749.5886914,1679.470163,2862.522572,bachtach-3,ə,575.6511641,1294.401196,2662.237759
bachtach,a,746.39014,1604.841086,2788.465656,bachtach,ə,528.1281437,1588.804712,2855.022596,bachtach,a,647.0839308,1173.340638,2837.487169,bachtach,ə,499.7792284,1446.054495,2308.538013
bachto-2,a,781.7101911,1559.572065,2762.337939,bachto-2,o,446.7531132,1180.757143,2574.927059,bachto-2,a,698.7987232,1596.290622,2739.081386,bachto-2,o,473.6018548,1190.79659,2779.744643
bachto,a,653.0253182,1461.84703,2622.489139,bachto,o,486.2345251,1311.999715,2693.715066,bachto,a,697.31652,1534.032762,2567.665257,bachto,o,438.7483723,1264.374008,2640.669197
bachtuu-2,a,678.5988299,1427.742326,2758.848626,bachtuu-2,u:,370.9091031,1225.069901,2756.57304,bachtuu-2,a,700.4561352,1599.275403,2723.157099,bachtuu-2,u,383.627284,1252.135754,2741.025575
bachtuu-3,a,710.617152,1391.051417,2626.392178,bachtuu-3,u:,403.393293,1260.846146,2818.442719,bachtuu-3,a,609.6426426,1565.083528,2739.294096,bachtuu-3,u,396.7184352,1372.983269,2529.432638
bachtuu,a,673.4026548,1375.859621,2706.672559,bachtuu,u:,343.145946,1102.559388,2901.513115,bachtuu,a,589.448946,1378.083268,2668.343542,bachtuu,u,357.9932013,1043.657269,2987.151986
bahuu-2,æ,617.3926137,1560.719883,2785.25591,bahuu-2,u:,499.5916107,1428.473494,2565.212065,bahuu-2,æ,599.0596424,1541.702338,2660.176542,bahuu-2,u,416.7870471,1200.66209,2579.133869
bahuu-3,æ,584.9942656,1464.127834,2430.49628,bahuu-3,u:,485.205282,1313.123828,2582.682405,bahuu-3,æ,636.7623541,1570.969904,2638.495143,bahuu-3,u,316.7034473,1021.859968,2386.416448
bahuu,æ,546.8043499,1391.081512,2542.273368,bahuu,u:,343.1572715,1073.340006,2836.849333,bahuu,æ,571.6831099,1544.64175,2784.346976,bahuu,u,372.1041728,1179.765011,2603.175319
bata-2,a,640.1094506,1406.890444,2637.217224,bata-2,ə,388.9020074,1462.52624,2679.510923,bata-2,a,787.2352274,1563.670184,2868.416361,bata-2,ə,419.0948642,1467.346796,2767.266993
bata-3,a,777.0171133,1418.134878,2917.477734,bata-3,ə,365.5293719,1560.378445,2791.453066,bata-3,a,817.2460277,1634.041462,2862.73572,bata-3,ə,455.2879913,1640.836598,2931.503518
bata,a,594.5452301,1326.563499,2501.416937,bata,ə,617.9423362,1733.776722,2859.665932,bata,a,569.935178,1481.786477,2690.011895,bata,ə,381.2326869,1217.515621,2520.153921
biseach-2,i,338.3547971,1696.498701,2737.918115,biseach-2,a,905.8671163,2205.901919,3331.465339,biseach-2,i,365.8259151,1549.368066,2586.894884,biseach-2,ə,526.5146575,1308.998046,2586.815515
biseach-3,i,352.4254729,1442.591338,2593.447518,biseach-3,a,466.1322454,1320.395697,2674.181307,biseach-3,i,396.6271654,1614.435356,2722.819921,biseach-3,ə,488.2538867,1335.625498,2543.13929
biseach-4,i,391.9915011,1362.677771,2704.323655,biseach-4,a,675.7791251,1625.431262,2711.890626,biseach-4,i,433.532271,1692.299263,3130.375857,biseach-4,ə,621.7274782,1706.825672,2736.664319
biseach-5,i,396.2523019,1555.417857,2635.946595,biseach-5,a,593.1269171,1605.818175,2663.812304,biseach-5,i,409.9962225,1677.06629,3015.513538,biseach-5,ə,641.7587589,1615.869668,2832.103035
biseach-6,i,381.4440949,1548.104501,2775.580409,biseach-6,a,826.3501807,2017.111217,2873.346778,biseach-6,i,375.3975692,1436.237759,2749.621496,biseach-6,ə,667.4235352,1648.529604,2753.832381
biseach,i,360.1027106,1547.193666,2843.566301,biseach,a,499.2133406,1427.671879,2254.485376,biseach,i,339.8016028,1674.737515,2747.417514,biseach,ə,496.0698023,1322.213595,2628.261178
caaca-2,a,528.0250767,1318.181652,2735.398902,caaca-2,ə,472.6719975,1232.114133,2736.324082,caaca-2,a:,572.5972415,1132.483517,2399.666415,caaca-2,ə,312.0396962,1212.837828,2673.766555
caaca-3,a,686.986582,1529.433963,2573.179493,caaca-3,ə,433.6185936,1427.775286,2758.959793,caaca-3,a:,710.4076308,1597.681911,2712.685893,caaca-3,ə,517.2297418,1632.109487,2902.465381
caaca,a,579.9370467,1134.660274,2447.040766,caaca,ə,482.8657354,1248.150033,2840.440651,caaca,a:,547.8205183,1194.440824,2318.64487,caaca,ə,352.1780345,1242.389694,2861.852358
cachpa-2,a,669.887753,1393.948128,2547.292369,cachpa-2,ə,810.4909551,1850.050497,2902.129324,cachpa-2,a,750.843179,1392.588598,2389.756052,cachpa-2,ə,584.0319165,1507.390367,2809.668905
cachpa-3,a,647.9413289,1608.510599,2658.816446,cachpa-3,ə,784.9871814,1867.029056,3098.532827,cachpa-3,a,591.9154031,1521.232075,2763.100517,cachpa-3,ə,547.4870389,1430.591786,2806.918051
cachpa,a,672.764838,1655.556918,2711.700421,cachpa,ə,539.8751593,1335.618099,2780.821121,cachpa,a,591.918301,1579.300742,2790.024253,cachpa,ə,508.967398,1316.028739,2748.826161
cachta-2,a,741.1183706,1715.683224,3038.759993,cachta-2,ə,654.6075968,1660.131245,2786.90057,cachta-2,a,687.0762169,1659.928743,2746.485299,cachta-2,ə,393.7362797,1462.404497,2864.63967
cachta-3,a,652.7571859,1248.113828,2603.360634,cachta-3,ə,392.117577,1505.735077,2733.419077,cachta-3,a,697.2565362,1791.680721,2671.538553,cachta-3,ə,448.9498441,1403.435388,2780.954243
cachta,a,782.00955,1617.893999,2844.785512,cachta,ə,485.0437258,1334.104919,2867.617775,cachta,a,650.7307573,1579.24928,2871.910998,cachta,ə,456.5043166,1303.772807,2829.703737
cachtach-2,a,666.053638,1483.339727,2671.134597,cachtach-2,ə,543.2570779,1453.655969,2577.812043,cachtach-2,a,795.4553963,1733.845187,2772.963344,cachtach-2,ə,671.8148694,1865.587596,3149.286398
cachtach-3,a,741.1288121,1460.77552,2831.637667,cachtach-3,ə,646.0490861,1665.936541,2852.493401,cachtach-3,a,731.0813109,1616.884072,2793.233296,cachtach-3,ə,575.0398024,1349.927264,2691.800244
cachtach,a,657.2013124,1497.824729,2637.141711,cachtach,,,,,cachtach,a,654.8799067,1443.582047,2942.084769,cachtach,ə,518.8622888,1239.256111,2511.186153
cata-2,a,615.0707703,1797.127033,2942.720313,cata-2,ə,342.8281495,1683.742275,3001.90906,cata-2,a,478.5458497,1816.784148,2855.470739,cata-2,ə,418.9547608,1788.389437,2927.797202
cata-3,a,817.5548391,1959.471691,3046.682624,cata-3,ə,509.5271034,1809.300661,2937.600871,cata-3,a,600.8142671,1691.867974,2876.990225,cata-3,ə,390.7912952,1494.022531,2742.481983
cata,a,408.2324927,1730.200904,2835.817979,cata,ə,371.4439648,1805.917298,3094.937281,cata,a,564.366401,1718.838619,2971.858516,cata,ə,314.2740765,1760.70513,2676.746407
catach-2,ə,432.6239363,1407.679401,2574.582344,catach-2,a,553.4298607,1248.83839,2849.361056,catach-2,ə,611.4295899,1361.006087,2863.051353,catach-2,ə,471.8201603,1068.887579,2649.14166
catach-3,ə,442.222766,1361.363792,2559.065424,catach-3,a,724.0776731,1662.641632,2580.302558,catach-3,ə,375.2518827,1270.8738,2518.954441,catach-3,a,558.9230466,1297.829022,2533.739091
catach-4,ə,508.587706,1632.932197,2932.193921,catach-4,a,688.7054337,1521.795823,2680.223455,catach-4,ə,469.0944285,1357.304261,2696.279881,catach-4,a,732.2208943,1738.61018,2758.063643
catach,ə,537.3240874,1271.768116,3103.208055,catach,a,693.1110758,1805.075659,3036.035712,catach,ə,479.8785504,1432.378292,2694.211287,catach,ə,582.5052692,1473.283628,2577.304714
coocoo-2,o:,578.1151634,1439.949286,2643.817517,coocoo-2,o:,550.559294,1596.97713,2678.251644,coocoo-2,o:,424.3065023,1144.092862,2475.515427,coocoo-2,o,475.4704697,1253.055938,2936.419863
coocoo-3,o:,631.3583941,1638.80565,2428.458741,coocoo-3,o,492.5090809,1326.99792,2416.91439,coocoo-3,o:,470.4997234,1331.000776,2484.599336,coocoo-3,o,428.7293398,1178.548298,2519.364965
coocoo,o:,499.8860154,1213.653659,2389.753653,coocoo,o,451.5276379,1076.656426,2966.282962,coocoo,o:,433.6967078,1207.954608,2455.11625,coocoo,o,455.6477877,1207.03355,2911.896893
coota-2,o:,546.1431926,1372.757077,2361.3453,coota-2,ə,520.0429736,1494.635989,2801.238254,,,,,,,,,,
coota-3,o:,535.7138904,1395.544487,2427.718043,coota-3,ə,536.9866002,1430.274024,2797.94244,coota-3,o:,588.2695106,1536.801632,2527.072911,coota-3,ə,541.109332,1725.812151,3020.388693
cootə,o:,535.2776407,1378.144879,2796.235891,cootə,ə,522.900937606394,1230.65339853029,2924.22918687031,cootə,o:,461.6122688,959.3697356,2230.78862,cootə,ə,456.0047135,1329.192273,2897.091899
cupa-2,ə,438.5343202,1253.46904,2581.064616,cupa-2,ə,711.4516688,1755.010319,2979.587408,cupa-2,ə,402.1913984,1164.661871,2713.072753,cupa-2,ə,505.6642253,1338.859116,2848.618865
cupa-3,ə,619.2046772,1550.308555,2771.609534,cupa-3,ə,591.8673449,1611.545752,2684.175972,cupa-3,ə,581.4162987,1556.201532,2719.26425,cupa-3,ə,719.2351299,1807.762242,2964.542135
cupa,ə,586.5346771,1383.271442,2878.610356,cupa,ə,473.8977275,1420.052471,2874.276031,cupa,ə,439.0143577,1349.789556,2808.353714,cupa,ə,484.8438421,1350.490758,2841.974484
cuthach-2,ə,784.2273891,1799.804577,2791.778629,cuthach-2,a,777.5983594,1645.327561,2908.014768,cuthach-2,ə,367.5840852,1354.605676,2653.744169,cuthach-2,ə,598.0380429,1357.061534,2611.816113
cuthach,ə,1044.885813,2022.491233,3121.775037,cuthach,a,636.5597791,1351.962267,2837.272442,cuthach,ə,535.1017753,1557.338047,2877.017254,cuthach,ə,562.4448272,1279.128185,2709.087455
daata-2,a:,618.3992156,1571.581408,2627.056138,daata-2,ə,349.222347,1267.499631,2483.981927,daata-2,a:,560.4207841,1438.516897,2717.285677,daata-2,ə,354.4053813,1354.384442,2818.781783
daata-3,a:,601.2871639,1677.249599,2667.265441,daata-3,ə,342.0704705,1237.446646,2547.492088,daata-3,a:,581.4785105,1361.71502,2525.738579,daata-3,ə,519.4980315,1592.57509,2958.452551
daata,a:,561.1901161,1313.649952,2629.43146,daata,ə,423.3629032,1531.011077,2919.959806,daata,a:,518.0245945,1309.340678,2480.54427,daata,ə,463.116248,1149.573916,2800.073367
daatii-2,a:,600.8118046,1575.529903,2662.375988,daatii-2,i,326.4706855,1834.660855,2854.692447,daatii-2,a:,501.3499633,1372.401041,2617.339645,daatii-2,i:,354.2674069,1722.259209,2866.288985
daatii-3,a:,598.2320794,1533.353663,2588.01776,daatii-3,i,306.5883628,2032.621767,2987.529032,daatii-3,a:,537.3146324,1384.755295,2588.024462,daatii-3,i:,308.015302,1810.953012,2912.028163
daatii,a:,562.8928125,1320.5714,2686.885466,daatii,i:,281.4014918,2174.170662,3108.779405,daatii,a:,502.6713038,1450.812211,2891.871274,daatii,i:,319.7692431,1876.466721,3030.848078
dasach-2,æ,616.4491386,1622.391478,2710.370937,dasach-2,ə,589.7158135,1448.965589,2580.189466,dasach-2,æ,543.5989649,1554.378956,2836.240244,dasach-2,ə,517.2063711,1320.105401,2760.990532
dasach,æ,563.2817628,1596.150773,2764.600352,dasach,ə,569.7254028,1441.971901,2664.24638,dasach,æ,606.1250824,1670.796955,2908.679302,dasach,ə,541.464352,1468.480752,2826.669264
datach-2,ə,496.5152523,1682.613343,2740.308924,datach-2,a,675.9044603,1564.001761,2660.654215,datach-2,ə,445.1031954,1505.173809,2279.175987,datach-2,a,691.2946527,1532.231957,2440.584913
datach-3,ə,463.0353602,1377.930832,2922.038248,datach-3,a,828.1352428,1805.032075,2739.131522,datach-3,ə,454.9027528,1350.124164,3020.91388,datach-3,a,663.3351997,1610.271624,2841.601308
datach,ə,442.3688729,1535.936608,2785.580353,datach,a,665.8647865,1703.174848,3037.483677,datach,ə,387.02778,1360.541544,2905.717613,datach,a,635.4842199,1514.750526,2851.537078
datuu-2,æ,625.9781495,1576.260221,2723.872803,datuu-2,u:,349.2113844,1134.205737,2748.340791,datuu-2,æ,513.8621307,1529.108292,2967.165468,datuu-2,u:,346.2523071,1085.759877,2781.236798
datuu-3,æ,637.8570678,1677.834675,2931.385048,datuu-3,u:,456.9619966,1341.756979,2567.359017,datuu-3,æ,548.4071315,1563.02872,2677.046007,datuu-3,u:,389.5202048,1266.87687,2671.024024
datuu,æ,634.8057853,1640.603902,2925.172697,datuu,u:,368.0268801,1056.416775,2556.271962,datuu,æ,479.8944067,1538.079859,2925.417229,datuu,u:,356.6587938,1284.676358,2811.924063
deasach,i,398.8468659,1938.320928,2915.953304,,,,,,deasach,i,336.1454494,1780.18123,2844.947009,deasach,ə,426.4690808,1006.983716,2923.304633
diseach,i,355.1025376,1644.020473,2740.300688,diseach,ə,530.4476101,1263.724342,2535.350878,diseach,i,354.3197907,1782.091434,2907.243345,diseach,ə,512.8786109,1408.020614,2625.16908
doseach-2,o,505.4558198,1514.138909,2837.565092,doseach-2,ə,578.4300585,1579.70264,2788.445716,doseach-2,o,491.6876558,1487.963451,2787.83324,doseach-2,ə,446.6182461,1252.034172,2420.346926
doseach,o,520.9784509,1432.161945,2562.373487,doseach,ə,403.7134506,1102.111711,2400.535025,doseach,o,446.8851545,1345.811156,2574.925728,doseach,ə,486.1575131,1440.302198,2813.661191
faasach-2,a:,693.5619268,1627.436634,2636.918186,faasach-2,ə,566.5897009,1348.392518,2417.510858,faasach-2,a:,584.2992931,1345.129043,2421.771379,faasach-2,ə,367.8570412,923.2177425,3165.670358
faasach-3,a:,513.2131663,1128.012037,2509.149078,faasach-3,ə,647.0140275,1679.17845,3127.507233,faasach-3,a:,528.6940497,1232.05203,2559.499646,faasach-3,ə,463.9240318,1125.41765,2677.24746
faasach,a:,618.6895603,1279.725274,2483.849834,faasach,ə,507.9096407,960.3904617,3027.879798,faasach,a:,551.2763885,1354.292908,2458.909716,faasach,ə,524.9548329,1291.558118,2997.048729
fachtach-2,a,692.8424249,1480.996903,2694.936219,fachtach-2,ə,553.1854322,1376.975897,2353.558034,fachtach-2,a,683.9307532,1509.237537,2822.869761,fachtach-2,ə,462.6598987,1225.433641,2483.52466
fachtach-3,a,576.5653123,1297.556802,2954.710584,fachtach-3,ə,518.6248642,861.6312238,2095.918146,fachtach-3,a,716.1348248,1437.613329,2789.366067,fachtach-3,ə,583.2003352,1309.013276,2727.055459
fachtach,a,610.1497349,1286.312058,2651.854155,fachtach,ə,569.3194481,1565.744749,2841.846802,fachtach,a,556.5033933,1309.696571,2495.202601,fachtach,ə,522.5858604,1175.521421,2430.806411
fatach-2,a,607.7422605,1475.863341,2672.339002,fatach-2,ə,631.5007977,1789.798994,2844.357051,fatach-2,a,582.9603716,1569.312723,2897.10404,fatach-2,ə,484.0782935,1254.841674,2560.069125
fatach-3,a,585.807283,1520.636375,2556.563513,fatach-3,ə,604.1354207,1734.090069,2915.767362,fatach-3,a,545.3482388,1755.557932,3003.299845,fatach-3,ə,498.9853745,1322.491754,2457.406874
fatach,a,533.6247526,1516.610808,2833.241191,fatach,ə,614.365273,1567.926307,2828.156237,fatach,a,512.1972163,1545.966345,2746.062047,fatach,ə,573.7131852,1468.870171,2724.087712
fosuu-2,ə,617.1060022,1479.028328,2539.304868,fosuu-2,u:,360.4747718,1148.602638,2754.701817,fosuu-2,ə,471.3544808,1464.118369,2744.069361,fosuu-2,u:,366.4694892,1249.81378,2589.703317
fosuu-3,ə,570.1869558,1656.877644,2623.6408,fosuu-3,u:,385.3349578,1333.482455,2693.071959,fosuu-3,ə,547.4745628,1435.723202,2635.043619,fosuu-3,u:,386.2037441,1267.201261,2512.413925
fosuu,ə,450.5035793,1320.339903,2662.513818,fosuu,u:,288.7049663,1252.749256,2588.866907,fosuu,ə,464.3782394,1394.99531,2591.669027,fosuu,u:,351.6071586,1171.500961,2742.118651
gaafach-2,a:,477.936827,1366.628015,2437.463789,gaafach-2,ə,526.9476273,1224.114765,2507.37926,gaafach-2,a:,476.4352845,1450.936056,2541.099447,gaafach-2,ə,569.5726784,1340.55725,2678.792875
gaafach-3,a:,595.949204,1557.546289,2605.891775,gaafach-3,ə,618.4527732,1620.700945,2740.657797,gaafach-3,a:,679.1552032,1405.360553,2694.834664,gaafach-3,ə,730.3694724,2022.584882,3325.722053
gaafach,a:,539.917618,1356.519354,2629.220659,gaafach,ə,569.3640204,1051.274802,2534.536203,gaafach,a:,565.8081005,1158.573623,2636.009481,gaafach,ə,511.9408411,1169.853068,2693.437253
gachtoo-2,a,567.4749974,1458.523228,2747.936512,gachtoo-2,o:,466.5084927,1336.292933,2681.335452,gachtoo-2,a,716.5424736,1739.571122,2905.341187,gachtoo-2,o:,426.6343704,1168.930974,2630.416952
gachtoo-3,a,697.0509327,1614.64949,2798.399942,gachtoo-3,o:,518.8295072,1257.209996,2372.765719,gachtoo-3,a,702.455239,1598.308838,2738.708466,gachtoo-3,o:,419.6522914,1127.706963,2638.493971
gachtoo,a,505.3919943,1452.608189,2904.866157,gachtoo,o:,403.0912363,1020.712443,2741.128761,gachtoo,a,644.6759048,1499.216893,2710.956029,gachtoo,o:,434.0917287,955.4995604,3034.33553
gotach-2,ə,453.3669716,1593.067392,2936.946029,gotach-2,a,768.3157461,1606.803404,2770.694582,gotach-2,ə,424.747916,1404.3153,2857.004213,gotach-2,a,692.6769302,1745.744076,2941.164919
gotach-3,ə,514.8926715,1612.898714,3074.215322,gotach-3,a,703.7504028,1613.743557,2895.520504,gotach-3,ə,561.1971143,1664.774072,3085.921346,gotach-3,a,665.4531592,1546.268959,2811.68043
gotach,ə,413.5183094,1467.527895,3026.437276,gotach,a,730.4052469,1590.061708,2903.551095,gotach,ə,444.6404286,1412.719495,2696.796165,gotach,a,644.4375036,1483.346467,2655.042581
haca-2,a,621.9296585,1454.678358,2519.868357,haca-2,ə,393.4726977,1395.284789,2735.351574,haca-2,a,566.5494838,1520.487603,2367.961695,haca-2,ə,382.1066351,1261.857835,2667.299831
haca-3,a,610.2369784,1183.636644,2843.236574,haca-3,ə,460.0272983,1475.823713,2672.596876,haca-3,a,681.8262565,1513.369351,2765.143165,haca-3,ə,704.9748517,1973.35647,3024.47029
haca,a,510.975469,1456.292273,2683.237346,haca,ə,433.9644218,1601.065841,2971.876734,haca,a,566.5134136,1499.931749,2802.752801,haca,ə,426.9370097,1403.408451,2799.995305
hitach-2,i,296.7112594,1546.328541,3025.727999,hitach-2,ə,718.4407312,1667.423538,2855.274909,hitach-2,i,327.4642608,1598.536786,2741.823145,hitach-2,ə,566.0009148,1365.186014,2543.939094
hitach-3,i,338.4215785,1796.911688,2991.157033,hitach-3,ə,596.5599317,1625.799807,2940.865052,hitach-3,i,372.1016108,1428.303968,2733.233474,hitach-3,ə,558.1357452,1370.638515,2638.277059
hitach,i,287.4059281,1875.998543,2541.180869,hitach,ə,576.4150241,1418.566674,2628.703055,hitach,i,304.2696181,1731.577839,2516.939209,hitach,ə,581.3143955,1385.352001,2652.731647
huutach-2,u:,528.2976797,1425.492406,2398.825349,huutach-2,ə,670.2220297,1588.789952,2821.475017,huutach-2,u:,400.7422517,1356.713131,2585.149596,huutach-2,ə,560.4056596,1342.460348,2644.785578
huutach-3,u:,565.589193,1355.284588,2446.375222,huutach-3,ə,661.9443219,1653.671454,2783.91382,huutach-3,u:,425.2154175,1246.442098,2693.632669,huutach-3,ə,509.1799803,1267.877459,2623.786966
huutach,u:,370.0978931,1204.53768,2678.667586,huutach,ə,519.2642807,1316.828935,2363.039649,huutach,u:,364.5606378,1134.879598,2462.521855,huutach,ə,566.399065,1314.839299,2679.257836
leachtach-2,a,730.5985367,1669.290824,2850.04895,leachtach-2,ə,632.3074549,1577.615159,2583.435596,leachtach-2,a,561.0889103,1377.320788,2676.467976,leachtach-2,ə,572.8764707,1309.948241,2736.206462
leachtach-3,æ,792.7958779,1616.724098,2508.951701,leachtach-3,ə,564.8164161,1565.740269,2859.333086,leachtach-3,æ,786.7663706,1851.890652,3002.306452,leachtach-3,ə,554.2284717,1392.540145,2687.442712
leachtach,æ,646.3054734,1582.013048,2762.620258,leachtach,ə,643.9422941,1568.670442,2841.672169,leachtach,æ,648.6597987,1558.319952,2963.569988,leachtach,ə,415.202595,1050.178917,2514.100182
paapa-2,a,623.0967488,1157.24315,2225.47253,paapa-2,ə,463.0434183,1345.050682,2601.541232,paapa-2,a:,677.6323377,1176.205035,2238.748447,paapa-2,ə,494.3298253,1227.556638,2732.388753
paapa-3,a,682.0989798,1440.005647,2643.560661,paapa-3,ə,500.1603882,1264.962645,2682.285313,paapa-3,a:,601.8663557,1396.004665,2515.230519,paapa-3,ə,500.3985549,1545.797644,2850.972779
paapa,a,718.4180466,1433.377236,2655.900193,paapa,ə,561.6767524,1392.085862,2710.911626,paapa,a:,598.4407888,1416.049241,2391.370443,paapa,ə,412.9591339,1064.615541,2760.757943
paatii-2,a,702.598855,1681.662441,2648.634874,paatii-2,i:,310.5239598,2091.369832,3016.401688,paatii-2,a:,594.601831,1402.290621,2575.644726,paatii-2,i:,329.1550195,1763.216699,2842.227822
paatii-3,a,688.8683427,1545.624618,2470.708491,paatii-3,i:,317.3180701,2081.429075,3191.098165,paatii-3,a:,649.352074,1509.715468,2567.106574,paatii-3,i:,319.3403166,1845.538973,3032.1269
paatii,a,626.2008402,1306.887356,2568.432119,paatii,i:,301.9042177,2073.298989,3110.066882,paatii,a:,582.9113656,1185.397238,2711.777064,paatii,i:,321.1579048,2035.689749,2866.085468
pachta-2,a,951.4797319,2025.205925,3230.377324,pachta-2,ə,647.3010552,1774.816639,2988.978936,pachta-2,a,741.121795,1645.254968,2791.982491,pachta-2,ə,554.9250584,1532.420891,2900.352787
pachta-3,a,837.9869898,1708.110293,2932.360986,pachta-3,ə,668.7007363,1669.166731,2801.49792,pachta-3,a,720.5189186,1696.563643,2744.675816,pachta-3,ə,585.4101096,1689.059811,2964.114078
pachta,a,781.1006545,1775.138783,3158.960864,pachta,ə,496.4835919,1440.867016,2720.324171,pachta,a,711.0226524,1558.527764,2909.039824,pachta,ə,391.5177829,1442.126082,2756.359879
pachtach-2,a,674.6865917,1217.110731,2653.932377,pachtach-2,ə,571.3106742,1538.777525,2733.490533,pachtach-2,a,857.9623785,1837.253502,2996.692268,pachtach-2,ə,634.4138609,1679.331074,2769.207339
pachtach-3,a,763.6730809,1580.223359,2792.582799,pachtach-3,ə,649.7391847,1594.128003,2502.83406,pachtach-3,a,790.9123274,1720.013293,3044.797521,pachtach-3,ə,461.500851,1270.846929,2449.7115
pachtach,a,807.1428035,2108.838929,3020.540236,pachtach,ə,515.7569672,1142.326825,2671.549885,pachtach,a,666.152342,1538.252879,2806.879824,pachtach,ə,440.8936698,1222.076502,2650.695575
pachtii-2,a,818.4867255,1534.615486,2626.626966,pachtii-2,i:,329.4418378,1996.508546,2829.92701,pachtii-2,a,709.9386671,1594.375844,2504.625291,pachtii-2,i,377.5749409,1541.251893,2792.839626
pachtii-3,a,752.6314733,1546.269921,2687.871698,pachtii-3,i:,299.6573715,1790.601995,2676.39546,pachtii-3,a,609.1501466,1481.274787,2644.393945,pachtii-3,i,351.1876786,1912.582403,2831.069436
pachtii,a,600.8454253,1303.41689,2455.145041,pachtii,i:,355.1057411,1798.220483,2892.550271,pachtii,a,709.754502,1491.019888,2900.935863,pachtii,i,355.849195,1803.199244,2808.446865
piisa-2,i:,248.8997546,1957.983235,2972.254059,piisa-2,ə,401.721016,1260.342353,2767.294993,piisa-2,i:,262.7305265,2087.99024,3038.489618,piisa-2,ə,395.6158674,1301.53907,2795.417919
piisa-3,i:,254.0335791,2092.073796,2725.179601,piisa-3,ə,410.8350155,1364.093199,2789.719499,piisa-3,i:,297.5633738,1868.171134,2980.338879,piisa-3,ə,328.1485103,1271.141278,2706.088682
piisa,i:,235.1313104,2115.243844,3106.466621,piisa,ə,399.0389518,1209.020342,2987.086409,piisa,i:,284.1108121,1849.667948,3016.803548,piisa,ə,238.1674762,1312.310319,2674.002631
pooca-2,o:,587.4603393,1605.988828,2558.20997,pooca-2,ə,464.3714072,1306.784289,2685.549106,pooca-2,o:,526.7678486,1596.885817,2333.802567,pooca-2,ə,416.0183323,1166.336235,2709.180249
pooca-3,o:,544.6100202,1571.626462,2696.016353,pooca-3,ə,381.0494514,1386.326658,2750.496858,pooca-3,o:,516.3250566,1358.914059,2446.411546,pooca-3,ə,411.2561433,1271.193468,2820.289576
pooca,o:,489.8578425,1425.482356,2827.408073,pooca,ə,474.7665061,1222.557177,2832.581408,pooca,o:,433.3063472,1112.88223,2350.053013,pooca,ə,445.6411223,1150.872081,2841.314558
pota-2,ə,675.0279527,1484.29597,2676.784068,pota-2,ə,474.7334669,1465.480699,2585.853111,pota-2,ə,517.7367207,1370.485333,2621.443232,pota-2,ə,402.1799373,1495.944913,2809.479218
pota-3,ə,580.7903241,1539.315097,2619.630296,pota-3,ə,464.4722028,1418.454666,2675.714909,pota-3,ə,501.0394334,1439.221696,2791.293166,pota-3,ə,419.1617103,1556.687638,2912.778624
pota,ə,547.5158109,1576.056919,2928.332202,pota,ə,500.5162179,1469.95996,2764.54841,pota,ə,498.0130086,1286.394208,2616.628485,pota,ə,429.0023924,1390.190277,2936.388342
saasuu-2,a:,580.8216106,1427.840946,2616.888648,saasuu-2,u:,330.1393488,1085.125241,2663.211346,saasuu-2,a:,488.2604577,1325.826937,2326.842593,saasuu-2,u:,404.1237162,1330.318603,2613.753089
saasuu-3,a:,446.2762203,1135.442451,2732.303792,saasuu-3,u:,368.9402105,1161.802621,2539.976563,saasuu-3,a:,601.8314404,1491.944249,2530.716028,saasuu-3,u:,364.7968441,1283.185832,2526.306877
saasuu,a:,478.1669339,1168.114728,2453.984143,saasuu,u:,349.3805831,970.6965723,2811.233024,saasuu,a:,536.4842436,1442.761518,2605.34184,saasuu,u:,360.5500033,1110.1044,2710.452798
satii-2,a,614.4269224,1369.02902,2582.767334,satii-2,i:,351.5243818,2082.632133,3083.430514,satii-2,a,610.7344745,1374.25476,2481.104922,satii-2,i:,338.6535573,1990.765554,3176.140704
satii-3,a,584.7167202,1469.356773,2697.676549,satii-3,i:,295.3895976,1942.712867,2909.838094,satii-3,a,604.8784575,1350.094996,2880.829608,satii-3,i:,309.4670124,1956.433887,2959.006449
satii,a,573.1657631,1480.906047,2723.138218,satii,i:,308.3911689,2001.297435,3100.643467,satii,a,560.0779342,1570.3921,2652.691607,satii,i:,301.6194313,1975.302048,2851.902528
seaapach-2,a:,625.3275704,1503.953539,2601.753592,seaapach-2,ə,761.5662653,2027.815111,3245.81182,seaapach-2,a:,545.950157,1486.591559,2572.958924,seaapach-2,ə,588.5964405,1409.137265,2923.946735
seaapach-3,a:,604.9383126,1357.93723,2505.486609,seaapach-3,ə,543.4802419,1230.51611,2894.005603,seaapach-3,a:,512.7345749,1297.356853,2608.246096,seaapach-3,ə,583.8702117,1070.817326,2822.361088
seaapach,a:,618.783035,1483.591379,2570.990922,seaapach,ə,688.6306468,1729.601225,2982.146857,seaapach,a:,514.4659839,1370.639683,2293.528171,seaapach,ə,506.4968405,1123.546918,2874.149542
seachpa-2,a,606.7168622,1645.365767,2874.600581,seachpa-2,ə,747.046509,1745.840292,2778.460715,seachpa-2,a,664.2835041,1690.030058,2873.833376,seachpa-2,ə,400.6454,1333.188502,2703.628872
seachpa-3,a,633.0425348,1545.156014,2614.069004,seachpa-3,ə,700.751347,1631.22604,2763.006165,seachpa-3,a,721.9624936,1707.52126,2937.365447,seachpa-3,ə,633.5367032,1575.961669,2900.281114
seachpa,a,660.1791937,1685.636315,2879.401281,seachpa,ə,528.411259,1250.996618,2688.238031,seachpa,a,643.3222964,1561.973829,2891.877059,seachpa,ə,444.8259379,1147.421374,2678.75879
seachsii-2,a,565.7290491,1522.418514,2734.854055,seachsii-2,i:,316.2945601,1808.400054,2978.555643,seachsii-2,a,612.3009045,1557.694036,2754.68467,seachsii-2,i:,334.7527683,1851.429668,3048.841715
seachsii-3,a,663.8987403,1682.972507,2801.019927,seachsii-3,i:,313.5839203,1913.313268,2994.555152,seachsii-3,a,658.7451842,1641.765226,2805.174213,seachsii-3,i:,333.8407345,1883.090229,2918.229055
seachsii,a,586.0484081,1466.662132,2752.776123,seachsii,i:,309.0399944,1975.950799,3060.935911,seachsii,a,608.5798116,1617.371777,2669.947293,seachsii,i:,320.5662765,1920.908868,3058.556965
seachtach-2,a,585.944941,1658.196469,2842.143059,seachtach-2,ə,622.545727,1760.092832,2675.55844,seachtach-2,a,675.1698822,1752.393501,2933.549385,seachtach-2,ə,446.7310486,1165.107651,2619.500795
seachtach-3,a,652.2646155,1722.355938,2958.5255,seachtach-3,ə,518.335267,1191.94046,2627.350878,seachtach-3,a,650.9896572,1657.155624,2916.333787,seachtach-3,ə,458.2995474,1099.330045,2604.402201
seachtach,a,546.667381,1343.161167,2671.109752,seachtach,ə,464.1069852,1350.379201,2531.164358,seachtach,a,625.2699883,1603.625746,2552.980841,seachtach,ə,448.5596672,1111.048138,2534.437996
seachtoo-2,a,592.1075229,1324.542354,2601.087393,seachtoo-2,o:,524.3668998,1434.817193,2597.752192,seachtoo-2,a,735.0940651,1715.641723,2753.901597,seachtoo-2,o:,458.9055585,1217.217422,2575.832411
seachtoo-3,a,696.224394,1604.536171,2615.706771,seachtoo-3,o:,469.5928363,1313.964964,2633.249617,seachtoo-3,a,695.7949769,1699.55551,2923.290193,seachtoo-3,o:,508.7918915,1251.755913,2595.808687
seachtoo,a,441.5918177,1276.402087,2748.003918,seachtoo,o:,395.9340242,1028.594608,2841.939456,seachtoo,a,477.7801321,1441.745587,2665.546907,seachtoo,o:,442.7706281,1131.5135,3076.431714
seachtuu-2,a,377.8956256,1146.944098,2624.849162,seachtuu-2,u:,430.1071111,1396.096414,2784.525967,seachtuu-2,a,629.8500549,1723.447053,2811.555198,seachtuu-2,u:,402.4784501,1159.943383,2600.58142
seachtuu-3,a,523.5211246,1632.587302,2884.213457,seachtuu-3,u:,414.1155658,1258.908697,2582.096006,seachtuu-3,a,650.7016575,1714.522636,2942.87636,seachtuu-3,u:,441.1993596,1224.066647,2557.219187
seachtuu,a,572.9231319,1247.902854,2699.832455,seachtuu,u:,389.584668,1111.062786,3165.082317,seachtuu,a,574.8572841,1447.075013,2819.456639,seachtuu,u:,469.273032,1287.096592,2980.412145
seceach-2,e,433.2266428,1754.316281,2793.435215,seceach-2,ə,602.8108119,1658.053059,2779.158366,seceach-2,e,425.6812035,1941.12086,2840.095773,seceach-2,ə,500.9815806,1452.45793,2498.870306
seceach-3,e,367.9419295,1725.929834,2756.765388,seceach-3,ə,555.9758768,1706.322453,2963.416144,seceach-3,e,329.3852067,1857.988864,3132.62946,seceach-3,ə,566.3784423,1601.513851,2922.858503
seceach,e,387.549808,1934.812117,3022.236814,seceach,ə,520.2090726,1471.383007,2688.118979,seceach,e,481.1310895,1739.10125,2947.700786,seceach,ə,606.655283,1515.056982,2712.385768
seeseach-2,e:,383.8397991,1659.247902,2766.514346,seeseach-2,ə,510.6437444,1338.759653,2362.00358,seeseach-2,e:,469.2235147,1744.696779,2693.622959,seeseach-2,ə,617.720285,1655.606031,2709.057204
seeseach-3,e:,374.3813595,1997.767277,3186.969588,seeseach-3,ə,486.6586104,1716.372913,2790.47657,seeseach-3,e:,375.2035334,1888.687973,3115.213832,seeseach-3,ə,475.9744138,1333.64841,2485.340438
seeseach,e:,422.5017842,1550.849581,2746.42256,seeseach,ə,693.3147918,1779.381781,2867.359483,seeseach,e:,442.0264134,1630.935689,2718.339164,seeseach,ə,526.5751974,1345.019787,2567.02296
siicee-2,i:,306.3896434,2146.794911,3093.76821,siicee-2,e:,460.63748,1504.653198,2768.160339,siicee-2,i:,295.8704932,2138.702126,3042.443572,siicee-2,e:,488.3608539,1711.340964,2873.271895
siicee-3,i:,304.2295731,1907.744349,2932.465117,siicee-3,e:,494.2558537,1798.538237,2823.893875,siicee-3,i:,303.1440943,2136.16722,3204.81844,siicee-3,e:,391.9816256,1627.90308,2754.093514
siicee,i:,313.8685844,2071.899215,3186.161299,siicee,e:,392.3400807,1721.786011,2767.01074,siicee,i:,300.1866639,2144.151481,3141.8197,siicee,e:,364.916558,1881.486271,3044.842674
siopa-2,o,562.5145809,1582.080123,2807.763586,siopa-2,ə,514.6506887,1460.880604,2755.665121,siopa-2,ə,397.095583,1329.614308,2487.419591,siopa-2,ə,561.4852712,1635.560113,2943.062921
siopa-3,o,418.7053547,1402.61943,2448.501851,siopa-3,ə,573.4919617,1475.256488,2868.877834,siopa-3,ə,448.6485997,1393.428283,2655.964105,siopa-3,ə,428.4175545,1367.633821,2620.380563
siopa,o,386.2327699,1215.725821,2422.725886,siopa,ə,645.9512488,1575.475932,2822.461817,siopa,ə,415.7494793,1302.134604,2682.776326,siopa,ə,433.4269663,1202.016801,2467.066121
soopa-2,o:,525.2207276,1364.479236,2506.170596,soopa-2,ə,543.144998,1212.541892,2621.319134,soopa-2,o:,504.874109,1329.648853,2517.199277,soopa-2,ə,412.824799,1432.492994,2712.493435
soopa-3,o:,523.2861405,1372.033978,2322.675312,soopa-3,ə,541.9121592,1299.11224,2548.203556,soopa-3,o:,498.0739395,1376.271553,2617.6795,soopa-3,ə,344.7686219,1141.685704,2734.371442
soopa,o:,492.4842293,1333.322968,2387.603562,soopa,ə,566.782529,1606.93896,2808.39862,soopa,o:,400.4833499,1137.87117,2307.904866,soopa,ə,528.3961615,1421.187813,2802.040792
tachpaa-2,a,640.1834612,1696.707524,2945.243159,tachpaa-2,a:,655.2458741,1644.19682,2688.918975,tachpaa-2,a,699.3750445,1617.324153,2888.334847,tachpaa-2,a,707.7473543,1614.098006,2761.004715
tachpaa-3,a,724.3783189,1648.568548,2837.199835,tachpaa-3,a:,549.8729197,1383.877121,2729.458409,tachpaa-3,a,758.8969371,1802.579821,2750.446332,tachpaa-3,a,569.8944319,1423.771981,2686.478897
tachpaa,a,652.8380752,1452.732704,2551.442198,tachpaa,a:,518.388828,1242.540152,2816.539045,tachpaa,a,579.4345024,1404.423263,2773.501998,tachpaa,a,583.3357247,1291.880373,2635.7545
tachta-2,a,664.2198444,1346.944803,2556.938057,tachta-2,ə,606.485391,1671.1115,2523.740059,tachta-2,a,694.1225739,1359.617281,2557.570265,tachta-2,ə,494.6794514,1551.923842,2777.850626
tachta-3,a,701.1696867,1664.028553,2785.109399,tachta-3,ə,667.113642,1661.93203,2825.674421,tachta-3,a,654.9167129,1595.027536,2794.53971,tachta-3,ə,567.3949772,1566.339269,2845.642895
tachta,a,727.0500022,1685.764234,2831.952195,tachta,ə,620.9351331,1649.861814,2809.796524,tachta,a,663.8037954,1625.605682,2741.137329,tachta,ə,415.5586796,1483.571654,2716.82886
tachtach-2,a,669.888094,1675.98054,2566.229541,tachtach-2,ə,551.9063503,1380.956269,2595.685542,tachtach-2,a,663.8758478,1599.611284,2671.086628,tachtach-2,ə,520.0229672,1236.722588,2513.686323
tachtach-3,a,790.6327287,1597.506021,2743.320362,tachtach-3,ə,626.3896915,1505.305573,2793.998884,tachtach-3,a,774.3344148,1765.045882,2990.352398,tachtach-3,ə,580.1245487,1465.388054,2870.490235
tachtach,a,749.0311979,1539.929062,2773.672645,tachtach,ə,520.7021012,1128.793933,2610.99469,tachtach,a,755.7264496,1760.483502,2640.459485,tachtach,ə,496.1691439,1209.977666,2593.636061
tacii-2,a,561.7513456,1443.357734,2821.910139,tacii-2,i:,292.9629601,2031.056329,3018.895677,tacii-2,a,516.8498541,1539.795277,2867.315736,tacii-2,i,311.2153154,1779.818234,2907.424368
tacii-3,a,543.5531661,1450.59829,2468.785569,tacii-3,i:,357.5283785,1676.914924,2869.552047,tacii-3,a,525.5080273,1558.734161,2456.847387,tacii-3,i,305.5453843,2010.449523,2819.4686
tacii,a,610.5464691,1527.63381,2759.798358,tacii,i:,268.6025713,2121.613427,3034.068506,tacii,a,506.8806279,1285.743681,2795.300252,tacii,i,291.337087,2078.884837,3018.889852
tacuu-2,a,614.6764956,1429.959904,2448.079605,tacuu-2,u:,411.6542995,1189.918445,2676.523434,tacuu-2,a,540.6027051,1594.733349,2691.214934,tacuu-2,u:,351.8488901,1264.213485,2652.371835
tacuu-3,a,623.85187,1502.426607,2800.721559,tacuu-3,u:,419.2072461,1178.748431,2751.297357,tacuu-3,a,547.9778092,1584.514038,2529.060876,tacuu-3,u:,436.135508,1207.399093,2813.743884
tacuu,a,515.8293919,1481.375472,2685.363169,tacuu,u:,325.5767684,1032.649795,2666.246198,tacuu,a,563.2517471,1419.704834,2725.256987,tacuu,u:,320.3205398,1046.929377,2622.014236
tosach-2,ə,269.658257,1437.940527,2818.570094,tosach-2,a,596.7576864,1271.808281,2449.77991,tosach-2,ə,274.3984414,1303.80152,2988.326855,tosach-2,a,660.2369902,1464.300709,2561.353943
tosach-3,ə,344.4448828,1251.171889,2604.147048,tosach-3,a,693.1623958,1446.304881,2415.834616,tosach-3,ə,294.1911,1515.197492,3007.684677,tosach-3,a,645.271673,1398.143653,2779.826029
tosach,ə,437.8134405,1474.6408,2992.72102,tosach,a,640.4398496,1373.965104,2670.979467,tosach,ə,332.3965707,1499.075867,3023.648532,tosach,a,649.1348172,1440.810747,2847.626526
tosii-2,o,625.8932711,1600.458909,2788.999902,tosii-2,i:,352.0403259,1920.941059,2961.227682,tosii-2,a,523.3292964,1586.646421,2689.953026,tosii-2,i:,320.7661541,1774.066801,2925.680735
tosii-3,o,489.2698486,1513.375848,2736.880622,tosii-3,i:,345.0715749,2022.931355,3016.158173,tosii-3,ə,476.2080909,1447.186799,2416.54319,tosii-3,i:,340.2892843,1796.570208,2992.538682
tosii,o,632.0385539,1582.737472,2872.871632,tosii,i:,316.6501289,1851.701202,3028.591753,tosii,ə,470.5812241,1565.051194,2735.182813,tosii,i:,317.7031076,1945.968737,2995.749789
tuutach-2,u:,555.893572,1577.38159,2749.153234,tuutach-2,ə,514.7727376,1199.929447,2855.701209,tuutach-2,u:,427.1261559,1297.006293,2643.66792,tuutach-2,ə,558.5952096,1518.291137,2847.40437
tuutach-3,u:,376.9533951,1181.241187,2604.450542,tuutach-3,ə,538.5871615,1179.24881,2752.922757,tuutach-3,u:,372.8398057,1263.15403,2549.690292,tuutach-3,ə,472.1067854,1313.972834,2719.427915
tuutach,u:,458.7521724,1299.718883,2668.44484,tuutach,ə,561.6390984,1474.716187,2638.280777,tuutach,u:,332.2148818,1265.489148,2535.246449,tuutach,ə,602.084519,1542.434907,2948.028803
vootii-2,o:,497.171595981136,1309.55433005483,2391.68943629303,vootii-2,i:,306.0979791,2040.229658,3054.859238,vootii-2,o:,517.8047058,1581.830744,2409.01236,vootii-2,i:,354.2054725,1586.695921,2764.588936
vootii-3,o:,420.61464104238,1261.49388804842,2341.87670117452,vootii-3,i:,301.6342383,2048.45204,2968.195867,vootii-3,o:,431.9317296,1242.845552,2438.115928,vootii-3,i:,353.6692971,1892.989109,2983.588813
vootii,o:,483.422216581249,1112.25617254278,2312.53083913873,vootii,i:,312.2965037,1935.547014,2996.804391,vootii,o:,429.557985,1284.584595,2743.426427,vootii,i:,278.4078231,1995.450273,2768.353578
