File,1-O1_closure,Normalized,1-O1_burst,Normalized,1-V1,Normalized,1-x1,Normalized,1-O2_closure,Normalized,1-O2_remainder,Normalized,1-V2,Normalized,1-x2,Normalized,2-O1_closure,Normalized,2-O1_burst,Normalized,2-V1,Normalized,2-x1,Normalized,2-O2_closure,Normalized,2-O2_remainder,Normalized,2-V2,Normalized,2-x2,Normalized
ba_p_x.TextGrid,closure,159.3959732,b burst,28.52348993,a:,169.4630872,,0,closure,104.8657718,p burst,54.53020134,_,21.81208054,x,323.8255034,closure,54.74452555,b burst,22.99270073,a,193.7956204,,0,closure,116.0583942,p burst,51.45985401,_,33.94160584,x,270.4379562
ba_p_x-2.TextGrid,closure,155.4878049,b burst,39.63414634,a:,164.6341463,,0,closure,95.52845528,p burst,30.48780488,_,59.95934959,,0,closure,64.8,b burst,26.4,a,190.8,,0,closure,127.2,p burst,45.6,_,48,x,234
ba_p_x-3.TextGrid,closure,159.8401598,b burst,23.97602398,a:,150.8491508,,0,closure,125.8741259,p burst,32.96703297,_,39.96003996,x,223.7762238,closure,41.41104294,b burst,35.88957055,a,136.196319,,0,closure,111.3496933,p burst,16.56441718,x,272.392638,,0
ba_su_.TextGrid,closure,231.433506,b burst,15.54404145,a:,151.9861831,,0,,0,s,199.4818653,u:,234.8877375,,0,closure,57.73584906,b burst,41.88679245,a,223.0188679,,0,,0,s,246.7924528,u,207.1698113,,0
ba_su_-2.TextGrid,closure,155.0053821,b burst,34.44564047,a:,191.6038751,,0,,0,s,242.1959096,u:,238.9666308,,0,closure,42.85714286,b burst,36.03896104,a,164.6103896,,0,,0,s,188.961039,u,170.4545455,,0
ba_su_-3.TextGrid,closure,108.3690987,b burst,35.40772532,a:,157.7253219,,0,,0,s,214.5922747,u:,444.2060086,,0,closure,97.5,b burst,46.25,a,148.75,,0,,0,s,231.25,u,348.75,,0
bahu_.TextGrid,closure,93.1372549,b burst,20.4248366,¾,100.4901961,,0,,0,h,31.04575163,u:,189.5424837,,0,closure,42.29508197,b burst,16.72131148,¾,109.1803279,,0,,0,h?,111.147541,u,215.4098361,,0
bahu_-2.TextGrid,closure,124.5972073,b burst,38.66809882,¾,169.7099893,,0,,0,h,110.6337272,u:,243.8238453,,0,closure,58.30388693,b burst,23.32155477,¾,151.590106,,0,,0,h,101.7667845,u,235.335689,,0
bahu_-3.TextGrid,closure,127.4944568,b burst,45.45454545,¾,165.1884701,,0,,0,h,108.6474501,u:,277.1618625,,0,closure,38.07692308,b burst,71.53846154,¾,160.3846154,,0,,0,h,103.8461538,u,238.8461538,,0
bat_.TextGrid,closure,141.6765053,b burst,17.70956316,a,129.8701299,,0,,0,_,177.0956316,_,195.9858323,,0,closure,40.08097166,b burst,29.14979757,a,153.0364372,,0,,0,_,205.2631579,_,137.2469636,,0
bat_-2.TextGrid,closure,67.14140387,b burst,28.48423194,a,127.1617497,,0,,0,_,171.9226857,_,104.7812818,,0,closure,94.39655172,b burst,28.44827586,a,137.0689655,,0,,0,_,228.8793103,_,107.3275862,,0
bat_-3.TextGrid,closure,64.65067779,b burst,18.76955162,a,129.3013556,,0,,0,_,203.3368092,_,94.89051095,,0,closure,38.86639676,b burst,26.72064777,a,142.1052632,,0,,0,_,216.194332,_,119.0283401,,0
baxt_.TextGrid,closure,89.52959029,b burst,16.69195751,a,68.28528073,x,132.7769347,closure,74.35508346,t burst,30.34901366,_,97.87556904,,0,closure,72.64150943,b burst,21.69811321,a,78.30188679,x,139.6226415,,0,_,100,_,139.6226415,,0
baxt_-2.TextGrid,closure,109.5755183,b burst,26.65350444,a,76.99901283,x,190.5231984,closure,85.88351431,t burst,30.60217177,_,57.25567621,,0,closure,45.28301887,b burst,16.98113208,a,111.3207547,x,116.0377358,,0,_,99.05660377,_,116.9811321,,0
baxt_-3.TextGrid,closure,76.69616519,b burst,9.832841691,a,93.41199607,x,142.5762045,,0,_,134.7099312,_,104.2281219,,0,closure,30.12048193,b burst,27.71084337,a,126.5060241,x,125.3012048,,0,_,155.4216867,_,112.0481928,,0
baxt_-4.TextGrid,closure,125,b burst,22.12389381,a,113.9380531,x,112.8318584,closure,109.5132743,t burst,32.07964602,_,151.5486726,,0,closure,65.78947368,b burst,34.21052632,a,130.2631579,x,140.7894737,,0,_,175,_,157.8947368,,0
baxt_x-2.TextGrid,closure,130.1969365,b burst,20.78774617,a,103.9387309,x,150.9846827,,0,_,120.3501094,_,97.37417943,x,311.8161926,closure,35.78947368,b burst,37.89473684,a,114.7368421,x,112.6315789,,0,_,107.3684211,_,75.78947368,x,195.7894737
baxt_x-3.TextGrid,closure,66.82297773,b burst,23.44665885,a,119.5779601,x,145.3692849,,0,_,151.2309496,_,99.64830012,x,282.5322392,closure,57.87401575,b burst,33.07086614,a,138.1889764,x,105.1181102,closure,105.1181102,t burst,37.79527559,_,82.67716535,x,185.4330709
baxto.TextGrid,closure,132.8502415,b burst,35.02415459,a,123.1884058,x,142.5120773,closure,99.03381643,t burst,38.647343,o,335.7487923,x,2490.338164,closure,91.30434783,b burst,49.80237154,a,112.6482213,x,103.1620553,,0,_,139.9209486,o,341.5019763,,0
baxto-2.TextGrid,closure,74.735987,b burst,12.99756296,a,72.29894395,x,120.2274574,closure,62.55077173,t burst,17.05930138,o,198.2128351,,0,closure,65.76923077,b burst,28.84615385,a,91.15384615,x,105,closure,110.7692308,t burst,23.07692308,o,225,,0
baxtu_.TextGrid,closure,118.8016529,b burst,28.92561983,a,100.2066116,x,143.5950413,closure,86.7768595,t burst,45.45454545,u:,304.7520661,,0,closure,31.57894737,b burst,24.14860681,a,87.30650155,x,132.8173375,closure,53.86996904,t burst,38.08049536,u,183.9009288,,0
baxtu_-2.TextGrid,closure,141.5289256,b burst,11.36363636,a,84.7107438,x,121.9008264,,0,_,143.5950413,u:,259.2975207,,0,closure,60,b burst,19.61538462,a,114.2307692,x,110.7692308,,0,_,140.7692308,u,244.6153846,,0
baxtu_-3.TextGrid,closure,130.7692308,b burst,29.67032967,a,113.1868132,x,114.2857143,closure,108.7912088,t burst,25.27472527,u:,273.6263736,,0,closure,59.52380952,b burst,41.66666667,a,123.8095238,x,107.1428571,,0,_,121.4285714,u,289.2857143,,0
b_kax.TextGrid,closure,71.03825137,b burst,37.15846995,_,38.25136612,,0,closure,78.68852459,k burst,83.06010929,a,165.0273224,x,268.852459,closure,28.6259542,b burst,36.64122137,_,35.49618321,,0,closure,89.3129771,k burst,96.18320611,a,155.7251908,x,383.5877863
b_kax-2.TextGrid,closure,115.2968037,b burst,25.11415525,_,47.94520548,,0,,0,k burst,63.92694064,a,103.8812785,x,279.6803653,closure,30.73770492, b burst,47.95081967,_,36.8852459,,0,closure,68.85245902,k burst,100.8196721,a,154.9180328,x,110.6557377
b_kax-3.TextGrid,closure,101.842871,b burst,25.21823472,_,39.76721629,,0,closure,90.20368574,k burst,75.65470417,a,117.3617847,x,302.6188167,closure,28.27868852,b burst,25.81967213,_,30.73770492,,0,closure,82.37704918,k burst,90.98360656,a,180.7377049,x,181.9672131
b_kax-4.TextGrid,closure,107.0195627,b burst,31.07019563,_,39.12543153,,0,closure,117.3762946,k burst,63.29113924,a,182.9689298,x,287.6869965,closure,34.70149254,b burst,31.34328358,_,39.17910448,,0,closure,82.8358209,k burst,116.4179104,a,105.2238806,x,285.4477612
b_kax-5.TextGrid,closure,84.78038815,b burst,29.62206333,_,28.60061287,,0,closure,94.99489275,k burst,65.37282942,a,136.8743616,x,215.526047,closure,41.63265306,b burst,31.83673469,_,35.51020408,,0,closure,105.3061224,k burst,85.71428571,a,168.9795918,x,206.9387755
b_kax-6.TextGrid,closure,103.5242291,b burst,31.93832599,_,64.97797357,,0,closure,70.4845815,k burst,71.58590308,a,159.69163,x,368.9427313,closure,32.10332103,b burst,38.74538745,_,44.2804428,,0,closure,85.2398524,k burst,74.1697417,a,138.3763838,x,232.4723247
bi__x.TextGrid,closure,114.4024515,b burst,36.77221655,i,124.6169561,,0,,0,_,158.3248212,_,33.70786517,x,250.2553626,closure,73.84615385,b burst,35.76923077,i,125.7692308,,0,,0,_,208.8461538,_,41.53846154,x,213.4615385
bi__x-2.TextGrid,closure,132.5167038,b burst,35.63474388,i,119.1536748,,0,,0,_,204.8997773,_,44.54342984,x,374.1648107,closure,130.9090909,b burst,43.63636364,i,132.2727273,,0,,0,_,238.6363636,_,77.72727273,x,321.8181818
bi__x-3.TextGrid,closure,133.640553,b burst,36.86635945,i,114.0552995,,0,,0,_,171.6589862,_,46.08294931,x,304.1474654,closure,65.31365314,b burst,29.88929889,i,128.4132841,,0,,0,_,185.9778598,_,37.63837638,x,171.5867159
bi__x-4.TextGrid,closure,110.9852775,b burst,32.84258211,i,97.39524349,,0,,0,_,191.3929785,_,110.9852775,x,265.0056625,closure,58.27338129,b burst,25.89928058,i,64.74820144,,0,,0,_,201.7985612,_,90.64748201,x,211.5107914
bi__x-5.TextGrid,closure,121.8637993,b burst,41.81600956,i,88.41099164,,0,,0,_,210.2747909,_,83.63201912,x,277.1804062,closure,47.80876494,b burst,28.68525896,i,107.5697211,,0,,0,_,185.2589641,_,71.71314741,x,186.4541833
bi__x-6.TextGrid,closure,119.873817,b burst,34.70031546,i,95.68874869,,0,,0,_,179.8107256,_,67.29758149,x,310.1997897,closure,126.4285714,b burst,34.28571429,i,100.7142857,,0,,0,_,189.6428571,_,64.28571429,x,354.6428571
ca_c_.TextGrid,closure,153.5393819,k burst,182.4526421,a:,157.5274177,,0,closure,117.6470588,k burst,75.77268195,_,57.82652044,,0,closure,101.8450185,k burst,105.1660517,a,174.9077491,,0,closure,146.1254613,k burst,74.1697417,_,81.91881919,,0
ca_c_-2.TextGrid,closure,204.71597,k burst,131.8327974,a:,176.8488746,,0,closure,137.1918542,k burst,63.23687031,_,118.9710611,,0,closure,133.8028169, k burst,112.6760563,a,209.8591549,,0,closure,132.3943662,k burst,56.33802817,_,133.8028169,,0
ca_c_-3.TextGrid,closure,151.425762,k burst,121.927237,a:,155.3588987,,0,closure,107.1779744,k burst,59.98033432,_,129.7935103, ,0,closure,110,k burst,111.4285714,a,231.4285714,,0,closure,162.8571429,k burst,82.85714286,_,142.8571429,,0
cat_.TextGrid,closure,91.16809117,k burst,153.8461538,a,61.72839506,,0,closure,132.0037987,t burst,82.62108262,_,51.28205128,,0,closure,103.125,k burst,162.0535714,a,96.42857143,,0,closure,187.5,t burst,103.125,_,70.98214286,,0
cat_-2.TextGrid,closure,112.9666012,k burst,135.5599214,a,84.47937132,,0,closure,143.4184676,t burst,78.58546169,_,81.5324165,,0,closure,117.8571429,k burst,126.1904762,a,89.28571429,,0,closure,169.047619,t burst,80.95238095,_,121.4285714,,0
cat_-3.TextGrid,closure,123.7016053,k burst,156.7516525,a,94.42870633,,0,closure,123.7016053,t burst,47.21435316,_,121.8130312,,0,closure,98.88268156,k burst,127.3743017,a,167.5977654,,0,closure,187.7094972,t burst,78.77094972,_,172.6256983,,0
caxt_x.TextGrid,closure,85.61643836,k burst,110.7305936,a,77.62557078,x,92.46575342,,0,_,179.2237443,_,70.77625571,x,248.8584475,closure,36.84210526,k burst,103.1578947,a,74.73684211,x,65.26315789,,0,_,140,_,85.26315789,x,137.8947368
caxt_x-2.TextGrid,closure,122.4256293,k burst,65.2173913,a,107.5514874,x,125.8581236,,0,_,146.4530892,_,59.49656751,x,318.0778032,closure,125,k burst,139.0625,a,109.375,x,148.4375,closure,170.3125,t burst,46.875,_,78.125,x,196.875
caxt_x-3.TextGrid,closure,93.23770492,k burst,86.06557377,a,70.69672131,x,174.1803279,closure,40.98360656,t burst,34.83606557,,0,x,389.3442623,closure,88.0952381,k burst,85.71428571,a,89.28571429,x,132.1428571,closure,109.5238095,t burst,16.66666667,_,65.47619048,x,220.2380952
caxp_.TextGrid,closure,159.2920354,k burst,71.68141593,a,54.86725664,x,138.0530973,closure,96.46017699,p burst,33.62831858,_,78.76106195,,0,closure,76.01351351,k burst,87.16216216,a,67.90540541,x,108.4459459,closure,122.6351351,p burst,31.41891892,_,89.18918919,,0
caxp_-2.TextGrid,closure,128.8102262,k burst,106.1946903,a,76.69616519,x,165.1917404,closure,93.41199607,p burst,27.53195674,_,157.3254671,,0,closure,128.7671233,k burst,146.5753425,a,87.67123288,x,168.4931507,closure,95.89041096,p burst,94.52054795,_,176.7123288,,0
caxp_-3.TextGrid,closure,146.8879668,k burst,66.39004149,a,65.56016598,x,97.9253112,closure,92.11618257,p burst,25.72614108,_,106.2240664,,0,,0,k burst,171.9602978,a,49.13151365,x,66.99751861,closure,90.81885856,p burst,17.86600496,_,87.09677419,,0
caxt_.TextGrid,closure,114.7704591,k burst,101.7964072,a,66.86626747,x,142.7145709,closure,176.6467066,t burst,11.9760479,_,82.83433134,,0,closure,102.0618557,k burst,81.18556701,a,64.94845361,x,78.86597938,,0,_,109.7938144,_,121.3917526,,0
caxt_-2.TextGrid,closure,141.6566627,k burst,127.2509004,a,72.02881152,x,128.4513806,closure,166.8667467,t burst,25.21008403,_,152.4609844,,0,closure,158.8235294,k burst,145.9893048,a,120.3208556,x,141.1764706,closure,174.8663102,t burst,36.89839572,_,147.5935829,,0
caxt_-3.TextGrid,closure,109.9426386,k burst,97.51434034,a,65.96558317,x,131.9311663,,0,_,105.1625239,_,116.6347992,,0,closure,86.98224852,k burst,157.9881657,a,175.739645,x,150.887574,closure,181.0650888,p burst,46.15384615,_,177.5147929,,0
co_t_.TextGrid,closure,267.8899083,k burst,101.8348624,o:,122.9357798,,0,closure,100.9174312,t burst,77.06422018,_,88.99082569,,0,closure,83.04239401,k burst,148.1296758,o,94.26433915,,0,closure,92.01995012,t burst,29.92518703,_,98.75311721,,0
co_t_-2.TextGrid,closure,228.7179487,k burst,110.7692308,o:,143.5897436,,0,closure,141.5384615,_,54.35897436,_,128.2051282,,0,,0,,0,,0,,0,,0,,0,,0,,0
co_t_-3.TextGrid,closure,144.0162272,k burst,131.8458418,o:,141.9878296,,0,,0,_,197.7687627,_,150.1014199,,0,closure,57.60869565,k burst,104.3478261,o,166.3043478,,0,,0,_,156.5217391,_,146.7391304,,0
c_h_x.TextGrid,closure,45.28985507,k burst,110.5072464,_,56.15942029,,0,,0,h,109.6014493,_,60.6884058,x,371.3768116,closure,160.2564103,k burst,133.3333333,_,103.8461538,,0,,0,h,100,_,128.2051282,x,279.4871795
c_hax.TextGrid,closure,181.8181818,k burst,71.50153218,_,100.102145,,0,,0,h,82.73748723,_,74.56588355,x,297.2420838,closure,128,k burst,132,_,101.3333333,,0,,0,h,120,_,120,x,165.3333333
c_t_x.TextGrid,closure,135.5275895,k burst,91.96515005,_,38.72216844,,0,,0,_,134.5595353,_,79.3804453,x,248.7899322,closure,122.7906977,k burst,132.5581395,_,61.39534884,,0,,0,_,202.3255814,_,115.8139535,x,273.4883721
c_t_x-2.TextGrid,closure,157.1072319,k burst,91.43807149,_,82.29426434,,0,closure,101.4131338,t burst,14.13133832,_,50.70656692,x,279.3017456,closure,67.30038023,k burst,141.4448669,_,67.30038023,,0,closure,140.3041825,t burst,23.95437262,_,46.76806084,x,314.8288973
c_tax.TextGrid,closure,101.1363636,k burst,63.63636364,_,60.22727273,,0,closure,135.2272727,t burst,23.86363636,a,151.1363636,x,248.8636364,closure,113.5135135,k burst,120,_,32.43243243,,0,closure,191.3513514,t burst,40.54054054,a,240,x,214.0540541
c_tax-2.TextGrid,closure,200.1879699,k burst,87.40601504,_,31.95488722,,0,closure,120.3007519,t burst,26.31578947,a,106.2030075,x,257.518797,closure,114.7465438,k burst,116.1290323,_,26.26728111,,0,closure,138.2488479,t burst,45.62211982,a,147.9262673,x,252.9953917
co_co_.TextGrid,closure,136.8312757,k burst,72.01646091,o:,131.6872428,,0,closure,112.1399177,k burst,75.10288066,o:,144.0329218,,0,,0,x,188.9361702,o,144.2553191,,0,closure,98.29787234,k burst,89.36170213,o,213.1914894,,0
co_co_-2.TextGrid,closure,200,k burst,89.55223881,o:,125.3731343,,0,closure,117.4129353,k burst,57.71144279,o:,256.7164179,,0,closure,108.8028169,k burst,115.1408451,o,122.5352113,,0,closure,120.4225352,k burst,53.87323944,o,201.7605634,,0
co_co_-3.TextGrid,closure,140.0208986,k burst,89.86415883,o:,131.661442,,0,closure,79.41483804,k burst,76.2800418,o:,199.5820272,,0,closure,121.875,k burst,91.07142857,o,187.5,,0,closure,115.1785714,k burst,72.32142857,o,254.4642857,,0
c_p_.TextGrid,closure,158.4645669,k burst,74.80314961,_,74.80314961,,0,closure,125,p burst,27.55905512,_,167.3228346,,0,closure,141.6309013,k burst,131.3304721,_,59.22746781,,0,closure,150.6437768,p burst,27.03862661,_,171.2446352,,0
c_p_-2.TextGrid,closure,206.185567,k burst,89.69072165,_,50.51546392,,0,closure,137.1134021,p burst,31.95876289,_,152.5773196,,0,closure,138.961039,k burst,146.7532468,_,55.84415584,,0,closure,158.4415584,p burst,45.45454545,_,181.8181818,,0
c_p_-3.TextGrid,closure,123.4309623,k burst,91.0041841,_,53.34728033,,0,closure,143.3054393,p burst,13.59832636,_,178.8702929,,0,closure,98.8372093,k burst,81.39534884,_,84.88372093,,0,closure,152.3255814,p burst,23.25581395,_,150,,0
da_t_.TextGrid,closure,121.8985976,d burst,14.02373247,a:,235.167206,,0,closure,139.1585761,t burst,55.01618123,_,145.631068,,0,closure,105.2631579,d burst,13.15789474,a,257.8947368,,0,closure,175,t burst,50,_,57.89473684,,0
da_t_-2.TextGrid,closure,93.0460333,d burst,9.794319295,a:,210.5778648,,0,closure,133.2027424,t burst,39.17727718,_,99.90205681,,0,closure,167.1875,d burst,20.3125,a,320.3125,,0,closure,192.1875,t burst,64.0625,_,118.75,,0
da_t_-3.TextGrid,closure,76.84824903,d burst,10.70038911,a:,189.688716,,0,closure,127.4319066,t burst,39.88326848,_,135.2140078,,0,closure,76.05633803,d burst,15.84507042,a,197.5352113,,0,closure,140.4929577,t burst,32.74647887,_,107.7464789,,0
da_ti_.TextGrid,closure,83.83838384,d burst,13.13131313,a:,215.1515152,,0,closure,147.4747475,t burst,45.45454545,i:,274.7474747,,0,closure,33.19672131,d burst,35.6557377,a,173.3606557,,0,closure,129.0983607,t burst,59.01639344,i,300,,0
da_ti_-2.TextGrid,,0,d burst,14.28571429,a:,217.8571429,,0,,0,_,160.7142857,i:,332.1428571,,0,,0,d burst,20.93023256,a,143.0232558,,0,,0,_,126.4534884,i,224.127907,,0
da_ti_-3.TextGrid,closure,110.8033241,d burst,12.92705448,a:,164.3582641,,0,,0,_,168.0517082,i:,277.0083102,,0,closure,187.8504673,d burst,26.63551402,a,218.6915888,,0,closure,211.682243,t burst,61.68224299,i,412.1495327,,0
das_x.TextGrid,closure,124.5972073,d burst,19.33404941,¾,148.2277121,,0,,0,s,180.4511278,_,59.07626208,x,234.1568206,closure,57.24381625,d burst,20.14134276,¾,144.1696113,,0,,0,s,192.9328622,_,48.76325088,x,221.5547703
das_x-2.TextGrid,closure,114.1242938,d burst,18.07909605,¾,127.6836158,,0,,0,s,202.259887,_,55.36723164,x,272.3163842,closure,167.1428571,d burst,44.28571429,¾,185.7142857,,0,,0,s,258.5714286,_,75.71428571,x,290
datu_.TextGrid,closure,79.85143918,d burst,17.64159703,¾,139.275766,_,93.77901578,closure,92.85051068,t burst,64.99535747,u:,259.9814299,,0,closure,60.48387097,d burst,26.61290323,¾,158.4677419,,0,,0,_,266.1290323,u,296.3709677,,0
datu_-2.TextGrid,closure,87.16475096,d burst,17.24137931,¾,155.1724138,,0,,0,_,186.7816092,u:,261.4942529,,0,closure,56.18374558,d burst,28.62190813,¾,175.9717314,,0,,0,_,186.5724382,u,206.7137809,,0
datu_-3.TextGrid,closure,86.50519031,d burst,25.37485582,¾,164.9365629,,0,,0,_,228.3737024,u:,268.7427912,,0,closure,60.6741573,d burst,25.84269663,¾,174.1573034,,0,closure,165.1685393,t burst,64.04494382,u,219.1011236,,0
d_tax.TextGrid,closure,59.17159763,d burst,20.1183432,_,53.25443787,,0,closure,112.4260355,t burst,52.07100592,a,160.9467456,x,286.3905325,closure,44.26229508,d burst,28.27868852,_,56.55737705,,0,closure,100.8196721,t burst,67.62295082,a,193.0327869,x,181.9672131
d_tax-2.TextGrid,closure,41.78272981,d burst,12.99907149,_,42.71123491,,0,closure,105.8495822,t burst,42.71123491,a,125.3481894,x,294.3361188,closure,88.57142857,d burst,45.71428571,_,51.42857143,,0,closure,142.8571429,t burst,70,a,191.4285714,x,200
d_tax-3.TextGrid,closure,38.4180791,d burst,22.59887006,e,50.84745763,,0,closure,111.8644068,t burst,49.71751412,a,141.2429379,x,318.6440678,closure,53.65853659,d burst,23.17073171,_,56.09756098,,0,closure,118.2926829,t burst,64.63414634,a,191.4634146,x,220.7317073
di_s_x.TextGrid,closure,124.7600768,d burst,10.55662188,i_,176.5834933,,0,,0,s,130.5182342,,0,x,353.1669866,closure,73.84615385,d burst,23.07692308,i_,185.7692308,,0,,0,s,203.0769231,_,26.53846154,x,174.2307692
di__x.TextGrid,closure,73.9979445,d burst,28.77697842,i:,149.0236382,,0,,0,_,180.8838643,_,53.44295992,x,168.5508736,closure,142.5619835,d burst,37.19008264,i,190.9090909,,0,,0,_,190.9090909,_,91.73553719,x,167.3553719
do__x.TextGrid,closure,102.8138528,d burst,30.3030303,o:,185.0649351,,0,,0,_,175.3246753,_,40.04329004,x,464.2857143,closure,179.0816327,d burst,39.79591837,o,284.6938776,,0,,0,_,252.5510204,_,64.28571429,x,327.5510204
do__x-2.TextGrid,closure,71.07601185,d burst,12.83316881,o:,181.6386969,,0,,0,_,172.7541955,_,54.29417572,x,241.8558736,closure,25.80645161,d burst,18.27956989,o,176.344086,,0,,0,_,173.1182796,_,59.13978495,x,231.1827957
faxt_x.TextGrid,,0,f,165.9574468,a,76.59574468,x,145.7446809,closure,80.85106383,t burst,27.65957447,_,64.89361702,x,340.4255319,,0,f,178.8732394,a,138.028169,x,129.5774648,closure,119.7183099,t burst,29.57746479,_,59.15492958,x,319.7183099
faxt_x-2.TextGrid,,0,f,141.7910448,a,121.5351812,x,109.8081023,closure,74.62686567,t burst,26.65245203,_,99.14712154,x,311.3006397,,0,f,152.6548673,a,136.7256637,x,124.7787611,closure,112.8318584,t burst,43.80530973,_,91.59292035,x,175.2212389
faxt_x-3.TextGrid,,0,f,264.033264,a,53.01455301,x,117.4636175,closure,123.7006237,t burst,18.71101871,_,15.59251559,x,349.2723493,,0,f,167.7725118,a,122.2748815,x,100.9478673,closure,174.8815166,t burst,32.7014218,_,108.056872,x,149.2890995
fa_s_x.TextGrid,,0,f,205.7942058,a:,164.8351648,,0,,0,s,166.8331668,_,22.97702298,x,216.7832168,,0,f,199.078341,a,235.0230415,,0,,0,s,201.843318,_,76.03686636,x,186.6359447
fa_s_x-2.TextGrid,,0,f,169.4255112,a:,152.872444,,0,,0,s,166.5043817,_,57.44888023,x,228.8218111,,0,f,223.6842105,a,219.7368421,,0,,0,s,200,_,39.47368421,x,232.8947368
fa_s_x-3.TextGrid,,0,f,146.5172138,a:,162.530024,,0,,0,s,140.9127302,_,22.41793435,x,188.1505204,,0,f,171.886121,a,180.4270463,,0,,0,s,200.7117438,_,35.23131673,x,214.5907473
fat_x.TextGrid,,0,f,167.3062164,a,76.74597084,,0,closure,86.72294705,t burst,41.44282425,_,25.32617038,x,239.447429,,0,f,162.4454148,a,129.6943231,,0,closure,133.6244541,t burst,48.47161572,_,69.43231441,x,250.2183406
fat_x-2.TextGrid,,0,f,205.5248619,a,139.2265193,,0,closure,101.6574586,t burst,58.56353591,_,71.82320442,x,333.7016575,,0,f,184.4262295,a,138.9344262,,0,closure,114.3442623,t burst,67.62295082,_,60.24590164,x,282.7868852
fat_x-3.TextGrid,,0,f,148.8162345,a,120.6313416,,0,closure,93.57384442,t burst,39.45885006,_,99.210823,x,306.6516347,,0,f,198.6666667,a,144,,0,closure,118.6666667,t burst,66.66666667,_,84,x,244
f_su_.TextGrid,,0,f,169.5786228,_,62.69270298,,0,,0,s,197.327852,u:,309.352518,,0,,0,f,201.25,_,61.25,,0,,0,s,232.5,u,300,,0
f_su_-2.TextGrid,,0,f,193.0803571,_,91.51785714,,0,,0,s,254.4642857,u:,367.1875,,0,,0,f,164.2585551,_,103.8022814,,0,,0,s,205.3231939,u,217.8707224,,0
f_su_-3.TextGrid,,0,f,150.7321275,_,49.09560724,,0,,0,s,167.0973299,u:,253.2299742,,0,,0,f,194.3319838,_,81.37651822,,0,,0,s,225.9109312,u,225.9109312,,0
ga_f_x.TextGrid,closure,62.71477663,g burst,43.81443299,a:,192.4398625,,0,,0,f,141.7525773,_,37.80068729,x,304.1237113,closure,37.64258555,g burst,46.76806084,a,215.5893536,,0,,0,f,189.3536122,_,53.6121673,x,287.4524715
ga_f_x-2.TextGrid,closure,74.11167513,g burst,41.62436548,a:,244.6700508,,0,,0,f,134.0101523,_,52.79187817,x,230.4568528,closure,91.81034483,g burst,72.4137931,a,293.5344828,,0,,0,f,171.9827586,_,90.51724138,x,166.8103448
ga_f_x-3.TextGrid,closure,93.36099585,g burst,36.30705394,a:,220.9543568,,0,,0,f,133.8174274,_,70.53941909,x,289.4190871,closure,45.76271186, burst,36.61016949,a,204.4067797,,0,,0,f,142.3728814,_,72.20338983,x,278.6440678
gaxto_.TextGrid,closure,45.37037037,g burst,46.2962963,a,56.48148148,x,148.1481481,closure,82.40740741,t burst,25.92592593,o:,219.4444444,,0,closure,47.10743802,g burst,38.84297521,a,79.33884298,x,109.0909091,closure,89.25619835,t burst,14.87603306,o,171.0743802,,0
gaxto_-2.TextGrid,closure,56.09492988,g burst,49.62243797,a,108.9536138,x,114.3473571,closure,138.0798274,t burst,30.20496224,o:,433.6569579,,0,closure,27.37642586,g burst,46.76806084,a,119.7718631,x,114.0684411,closure,82.12927757,t burst,36.50190114,o,295.4372624,,0
gaxto_-3.TextGrid,closure,91.11617312,d burst,12.5284738,a,130.9794989,x,105.9225513,closure,108.2004556,t burst,30.75170843,o:,291.571754,,0,closure,36.90851735,g burst,44.47949527,a,108.8328076,x,77.60252366,closure,105.0473186,t burst,33.12302839,o,224.2902208,,0
g_tax.TextGrid,closure,80.33826638,g burst,54.96828753,_,44.397463,,0,closure,114.1649049,t burst,67.65327696,a,128.9640592,x,310.782241,,0,g burst,30.94170404,_,34.30493274,,0,closure,84.08071749,t burst,24.21524664,a,111.6591928,x,108.9686099
g_tax-2.TextGrid,closure,96.5583174,g burst,34.416826,_,40.15296367,,0,closure,110.8986616,t burst,43.97705545,a,125.2390057,x,274.3785851,closure,66.66666667,g burst,74.66666667,_,65.33333333,,0,closure,134.6666667,t burst,89.33333333,a,173.3333333,x,274.6666667
g_tax-3.TextGrid,closure,102.1021021,g burst,53.05305305,_,48.04804805,,0,closure,113.1131131,t burst,35.03503504,a,108.1081081,x,261.2612613,closure,33.2103321,g burst,46.49446494,_,45.38745387,,0,closure,121.7712177,t burst,42.06642066,a,143.9114391,x,251.2915129
hak_.TextGrid,,0,h,94.00705053,a,92.8319624,,0,closure,136.3102233,k burst,104.5828437,_,113.9835488,,0,,0,h,57.35294118,a,103.6764706,,0,closure,133.4558824,k burst,62.86764706,_,112.5,,0
hak_-2.TextGrid,,0,h,90.30418251,a,74.14448669,,0,closure,122.6235741,k burst,46.57794677,_,111.21673,,0,,0,h,173.877551,a,106.5306122,,0,closure,139.5918367,k burst,68.57142857,_,88.16326531,,0
hak_-3.TextGrid,,0,h,74.07407407,a,101.1743451,,0,closure,118.33785,k burst,72.26738934,_,103.8843722,,0,,0,h,96.875,a,134.375,,0,closure,100,k burst,84.375,_,103.125,,0
h_t_x.TextGrid,,0,h,105.5846422,i,58.46422339,,0,closure,91.62303665,t burst,44.5026178,_,92.495637,x,272.2513089,,0,h,88.23529412,i,75,,0,closure,108.0882353,t burst,56.25,_,69.48529412,x,232.7205882
h_t_x-2.TextGrid,,0,h,68.26568266,i,36.900369,,0,closure,102.398524,t burst,44.2804428,_,84.87084871,x,219.5571956,,0,h,73.4939759,i,102.4096386,,0,closure,109.6385542,t burst,48.19277108,_,120.4819277,x,204.8192771
h_t_x-3.TextGrid,,0,h,53.88601036,i,61.13989637,,0,closure,106.7357513,t burst,44.55958549,_,61.13989637,x,208.2901554,,0,h,105.4054054,i,78.37837838,,0,closure,121.6216216,t burst,72.97297297,_,100,x,163.5135135
hu_t_x.TextGrid,,0,h,84.49197861,u:,98.39572193,,0,closure,103.7433155,t burst,41.71122995,_,93.04812834,x,291.9786096,,0,h,50.4587156,u,110.0917431,,0,closure,71.55963303,t burst,39.44954128,_,70.64220183,x,152.293578
hu_t_x-2.TextGrid,,0,h,108.1081081,u:,86.87258687,,0,closure,75.28957529,t burst,53.08880309,_,77.22007722,x,263.5135135,,0,h,87.6,u,122.4,,0,closure,110.4,t burst,42,_,117.6,x,183.6
hu_t_x-3.TextGrid,,0,h,106,u:,69,,0,closure,95,t burst,38,_,68,x,283,,0,h,88.01652893,u,150,,0,closure,97.9338843,t burst,48.34710744,_,120.2479339,x,193.3884298
l_axt_x.TextGrid,,0,l,252.2026432,¾,96.91629956,x,177.3127753,closure,107.9295154,t burst,22.02643172,_,52.86343612,x,333.7004405,,0,l,214.973262,¾,160.4278075,x,168.4491979,closure,145.9893048,t burst,54.54545455,_,56.14973262,x,311.2299465
l_axt_x-2.TextGrid,,0,l_,61.36950904,a,61.36950904,x,56.84754522,,0,_,104.005168,_,47.80361757,x,239.0180879,,0,l_,54.48577681,a,58.42450766,x,51.85995624,closure,59.73741794,t burst,13.78555799,_,51.20350109,x,113.5667396
l_axt_x-3.TextGrid,,0,l,109.8527746,¾,112.1177803,x,147.2253681,closure,121.1778029,t burst,23.78255946,_,70.21517554,x,419.0260476,,0,l,225.4054054,¾,171.8918919,x,149.1891892,closure,150.8108108,t burst,22.7027027,_,108.6486486,x,240
pa_p_.TextGrid,closure,114.7342995,p burst,49.51690821,a:,247.5845411,,0,closure,136.47343,p burst,53.14009662,_,129.2270531,,0,closure,142.6229508,p burst,121.3114754,a,272.1311475,,0,closure,196.7213115,p burst,54.09836066,_,119.6721311,,0
pa_p_-2.TextGrid,closure,119.4644696,p burst,70.03089598,a:,190.5252317,,0,closure,123.5839341,p burst,43.25437693,_,140.061792,,0,closure,38.23529412,p burst,118.627451,a,145.0980392,,0,closure,137.254902,p burst,31.37254902,_,101.9607843,,0
pa_p_-3.TextGrid,closure,136.1058601,p burst,84.12098299,a:,138.9413989,,0,closure,123.8185255,p burst,20.79395085,_,104.9149338,,0,closure,83.51648352,p burst,87.91208791,a,178.021978,,0,closure,132.967033,_,134.0659341,,0,,0
pa_ti_.TextGrid,closure,102.7278003,p burst,70.80673244,a:,94.60243761,,0,closure,70.80673244,t burst,27.85838654,i:,198.4910041,,0,closure,95.77464789,p burst,102.8169014,a,216.9014085,,0,closure,163.3802817,t burst,45.07042254,i,253.5211268,,0
pa_ti_-2.TextGrid,closure,133.192389,p burst,79.28118393,a:,159.6194503,,0,,0,_,146.9344609,i:,427.0613108, ,0,closure,131.3304721,p burst,81.11587983,a,194.4206009,,0,,0,_,181.5450644,i,262.6609442,,0
pa_ti_-3.TextGrid,closure,113.7387387,p burst,74.32432432,a:,167.7927928,,0,closure,119.3693694,t burst,56.30630631,i:,297.2972973,,0,closure,112.1495327,p burst,105.1401869,a,201.8691589,,0,,0,_,213.0841121,i,234.1121495,,0
paxt_.TextGrid,closure,105.6985294,p burst,42.27941176,a,70.77205882,x,115.8088235,closure,90.99264706,t burst,22.97794118,_,98.34558824,,0,closure,102.1834061,p burst,99.56331878,a,93.01310044,x,148.0349345,closure,121.8340611,t burst,47.16157205,_,140.1746725,,0
paxt_-2.TextGrid,closure,114.379085,p burst,86.05664488,a,61.00217865,x,157.9520697,closure,129.6296296,t burst,16.33986928,_,159.0413943,,0,closure,84.28571429,p burst,88.57142857,a,155.7142857,x,77.14285714,closure,154.2857143,t burst,37.14285714,_,165.7142857,,0
paxt_-3.TextGrid,closure,82.73009307,p burst,29.98965874,a,138.5729059,x,75.49120993,closure,130.2998966,t burst,25.85315408,_,143.7435367,,0,closure,78.13953488,p burst,96.27906977,a,147.9069767,x,104.6511628,,0,_,189.7674419,_,142.3255814,,0
paxt_x.TextGrid,closure,181.4595661,p burst,112.4260355,a,71.99211045,x,116.3708087,closure,133.1360947,t burst,14.79289941,_,45.36489152,x,228.7968442,closure,96.875,p burst,41.66666667,a,86.45833333,x,87.5,closure,84.375,t burst,39.58333333,_,69.79166667,x,138.5416667
paxt_x-2.TextGrid,closure,114.3724696,p burst,55.66801619,a,102.2267206,x,129.5546559,closure,89.06882591,t burst,23.27935223,_,96.15384615,x,268.2186235,closure,82.75862069,p burst,106.0344828,a,116.3793103,x,91.81034483,closure,133.1896552,t burst,38.79310345,_,117.6724138,x/breathiness,59.48275862
paxt_x-3.TextGrid,closure,129.468599,p burst,67.63285024,a,74.39613527,x,68.59903382,closure,108.2125604,t burst,17.39130435,_,83.09178744,x,355.5555556,closure,100.4464286,p burst,64.28571429,a,129.9107143,x,77.67857143,,0,_,172.7678571,_,91.07142857,x,170.0892857
paxti_.TextGrid,closure,127.6595745,p burst,58.5106383,a,92.55319149,x,165.9574468,closure,57.44680851,t burst,35.10638298,i:,193.6170213,,0,closure,97.46835443,p burst,55.69620253,a,145.5696203,x,69.62025316,closure,129.1139241,t burst,26.58227848,i,197.4683544,,0
paxti_-2.TextGrid,closure,84.03361345,p burst,53.57142857,a,94.53781513,x,85.08403361,,0,_,139.7058824,i:,233.1932773,,0,closure,56.89655172,p burst,104.7413793,a,115.0862069,x,89.22413793,,0,_,153.8793103,i,232.7586207,,0
paxti_-3.TextGrid,closure,107.9478055,p burst,49.82206406,a,137.603796,x,90.15421115,,0,_,163.7010676,i:,429.4187426,,0,closure,56.1752988,p burst,77.68924303,a,99.20318725,x,81.2749004,closure,100.3984064,t burst,41.83266932,i,331.0756972,,0
pi_s_.TextGrid,closure,156.122449,p burst,110.2040816,i:,127.5510204,,0,,0,s,197.9591837,_,107.1428571,,0,closure,120.2643172,p burst,95.15418502,i,138.7665198,,0,,0,s,200.8810573,_,103.0837004,,0
pi_s_-2.TextGrid,closure,151.8386714,p burst,94.89916963,i:,124.5551601,,0,,0,s,252.6690391,_,87.78173191,,0,closure,98.05825243,p burst,69.90291262,i,132.038835,,0,,0,s,160.1941748,_,74.75728155,,0
pi_s_-3.TextGrid,closure,144.0377804,p burst,127.5088548,i:,127.5088548,,0,,0,s,236.1275089,_,92.08972845,,0,closure,120.5240175,p burst,96.94323144,i,159.8253275,,0,,0,s,220.0873362,_,95.63318777,,0
po_k_.TextGrid,closure,137.6884422,p burst,97.48743719,o:,138.6934673,,0,closure,134.6733668,k burst,66.33165829,_,144.7236181,,0,closure,84.84848485,p burst,87.87878788,o,135.3535354,,0,closure,112.1212121,k burst,60.60606061,_,73.73737374,,0
po_k_-2.TextGrid,closure,106.5032988,p burst,53.72290292,o:,146.0885957,,0,closure,113.1008483,k burst,55.60791706,_,147.0311027,,0,closure,103.2786885,p burst,99.59016393,o,186.8852459,,0,closure,145.0819672,k burst,70.08196721,_,137.704918,,0
po_k_-3.TextGrid,closure,116.6837257,k burst,61.41248721,o:,156.6018424,,0,closure,106.4483112,k burst,54.24769703,_,103.3776868,,0,closure,141.9753086,p burst,88.88888889,o,182.7160494,,0,closure,149.382716,k burst,69.13580247,_,108.6419753,,0
pot_.TextGrid,closure,121.4495593,p burst,100.8814887,_,30.36238981,,0,closure,141.0381978,t burst,38.19784525,_,92.06660137,,0,closure,107.8512397,p burst,96.69421488,_,96.69421488,,0,,0,_,242.9752066,_,115.2892562,,0
pot_-2.TextGrid,closure,130.6930693,p burst,57.42574257,_,77.22772277,,0,closure,128.7128713,t burst,30.69306931,_,105.9405941,,0,closure,80.48780488,p burst,132.7526132,_,61.67247387,,0,closure,155.7491289,t burst,36.58536585,_,108.7108014,,0
pot_-3.TextGrid,closure,124.1241241,p burst,56.05605606,_,63.06306306,,0,closure,137.1371371,t burst,32.03203203,_,105.1051051,,0,closure,138.1742739,p burst,94.60580913,_,68.46473029,,0,closure,180.4979253,t burst,68.46473029,_,115.7676349,,0
_axp_.TextGrid,,0,_,163.4182909,a,58.47076462,x,84.70764618,closure,93.70314843,p burst,20.23988006,_,52.47376312,,0,,0,_,203.3333333,a,93.33333333,x,147.7777778,closure,125.5555556,p burst,43.33333333,_,77.77777778,,0
_axp_-2.TextGrid,,0,_,225.6944444,a,82.17592593,x,137.7314815,closure,101.8518519,p burst,35.87962963,_,115.7407407,,0,,0,_,173.8636364,_,95.45454545,x,75,closure,102.2727273,p burst,39.77272727,_,150,,0
_axp_-3.TextGrid,,0,_,187.1476888,a,105.9751973,x,76.66290868,closure,117.2491545,p burst,38.33145434,_,100.3382187,,0,,0,_,196.744186,a,121.3953488,x,117.2093023,closure,157.6744186,p burst,34.88372093,_,132.5581395,,0
_axt_x.TextGrid,,0,_,181.0613944,a,60.35379813,x,109.2611863,closure,95.73361082,t burst,20.81165453,_,35.3798127,x,296.566077,,0,_,216.9902913,a,109.223301,x,132.5242718,closure,147.0873786,t burst,27.66990291,_,71.3592233,x,251.9417476
_axt_x-2.TextGrid,,0,_,190.5274489,a,76.4262648,x,144.2411195,closure,80.73196986,t burst,22.60495156,_,79.6555436,x,271.2594187,,0,_,205.3278689,a,113.1147541,x,97.13114754,closure,127.8688525,t burst,27.04918033,_,76.2295082,x,148.7704918
_axt_x-3.TextGrid,,0,_,131.74946,a,54.71562275,x,68.39452844,closure,71.27429806,t burst,15.1187905,_,44.63642909,x,162.7069834,,0,_,217.8082192,a,108.2191781,x,116.4383562,closure,150.6849315,t burst,28.76712329,_,112.3287671,x,195.890411
_a_p_x.TextGrid,,0,_,165.2340019,a:,175.7402101,,0,closure,93.60076409,p burst,23.87774594,_,51.57593123,x,218.7201528,,0,_,111.8518519,a,112.5925926,,0,closure,65.92592593,p burst,23.7037037,_,54.07407407,x,59.25925926
_a_p_x-2.TextGrid,,0,_,180.4180418,a:,203.520352,,0,closure,102.310231,p burst,34.10341034,_,51.70517052,x,272.8272827,,0,_,203.6697248,a,236.6972477,,0,closure,122.4770642,p burst,42.66055046,_,96.33027523,x,152.7522936
_a_p_x-3.TextGrid,,0,_,209.3253968,a:,173.6111111,,0,closure,97.22222222,p burst,40.67460317,_,35.71428571,x,272.8174603,,0,_,258.3732057,a,248.3253589,,0,closure,133.492823,p burst,40.19138756,_,80.38277512,x,310.0478469
sa_su_.TextGrid,,0,s,223.5682819,a:,172.907489,,0,,0,s,209.2511013,u:,214.7577093,,0,,0,s,192.5,a,212.5,,0,,0,s,202.5,u,216.25,,0
sa_su_-2.TextGrid,,0,s,213.1931166,a:,149.1395793,,0,,0,s,185.4684512,u:,367.1128107,,0,,0,s,166.539924,a,173.3840304,,0,,0,s,176.8060837,u,222.4334601,,0
sa_su_-3.TextGrid,,0,s,215.4989384,a:,174.0976645,,0,,0,s,193.2059448,u:,360.9341826,,0,,0,s,234.0517241,a,209.4827586,,0,,0,s,213.362069,u,280.6034483,,0
sati_.TextGrid,,0,s,217.1945701,a,144.7963801,,0,closure,118.7782805,t burst,28.28054299,i:,322.39819,,0,,0,s,42.76795005,a,40.58272633,,0,closure,30.90530697,t burst,12.48699272,i,64.30801249,,0
sati_-2.TextGrid,,0,s,221.6441207,a,166.4932362,,0,closure,117.5858481,t burst,42.66389178,i:,210.1977107,,0,,0,s,510,a,436.3636364,,0,closure,335.4545455,t burst,95.45454545,i,507.2727273,,0
sati_-3.TextGrid,,0,s,218.479307,a,132.8200192,,0,closure,88.5466795,t burst,54.86044273,i:,263.7151107,,0,,0,s,275.5656109,a,175.1131222,,0,closure,160.1809955,t burst,57.01357466,i,223.9819005,,0
_axsi_.TextGrid,,0,_,187.5,a,71.02272727,x,120.2651515,,0,s,190.3409091,i:,171.4015152,,0,,0,_,219.1176471,a,126.4705882,x,82.35294118,,0,s,264.7058824,i,208.8235294,,0
_axsi_-2.TextGrid,,0,_,197.6744186,a,75.05285412,x,119.4503171,,0,s,212.4735729,i:,278.012685,,0,,0,_,197.4358974,a,121.7948718,x,103.8461538,,0,s,214.1025641,i,212.8205128,,0
_axsi_-3.TextGrid,,0,_,205.6277056,a,75.75757576,x,126.6233766,,0,s,200.2164502,i:,284.6320346,,0,,0,_,282.1782178,a,108.4158416,x,154.4554455,,0,s,267.3267327,i,253.960396,,0
_axto_.TextGrid,,0,_,191.627907,a,68.8372093,x,83.72093023,,0,_,129.3023256,o:,193.4883721,,0,,0,_,216.5322581,a,90.72580645,x,83.46774194,,0,_,179.0322581,o,260.0806452,,0
_axto_-2.TextGrid,,0,_,140.8308004,a,114.4883485,x,56.73758865,,0,_,92.19858156,o:,302.9381966,,0,,0,_,233.8709677,a,158.0645161,x,93.5483871,closure,161.2903226,t burst,41.93548387,o,337.0967742,,0
_axto_-3.TextGrid,,0,_,183.0357143,a,101.5625,x,58.03571429,,0,_,125,o:,312.5,,0,,0,_,202.5773196,a,120.6185567,x,91.2371134,,0,_,191.7525773,o,287.628866,,0
_axtu_.TextGrid,,0,_,218.8715953,a,62.25680934,x,122.5680934,closure,96.30350195,t burst,29.18287938,u:,243.1906615,,0,,0,_,230.2631579,a,89.47368421,x,121.0526316,,0,_,156.5789474,o,236.8421053,,0
_axtu_-2.TextGrid,,0,_,187.254902,a,55.88235294,x,129.4117647,closure,92.15686275,t burst,18.62745098,u:,219.6078431,,0,,0,_,218.9189189,a,114.8648649,x,100,closure,147.2972973,t burst,31.08108108,o,278.3783784,,0
_axtu_-3.TextGrid,,0,_,227.5862069,a,83.90804598,x,102.2988506,closure,127.5862069,t burst,27.5862069,u:,278.1609195,,0,,0,_,226.4423077,a,124.0384615,x,144.2307692,closure,122.5961538,t burst,30.28846154,u,288.4615385,,0
_e___x.TextGrid,,0,_,255.3430821,e:,166.4791901,,0,,0,_,186.7266592,_,74.24071991,x,295.8380202,,0,_,239.2241379,e,177.1551724,,0,,0,_,201.7241379,_,75,x,215.9482759
_e___x-2.TextGrid,,0,_,238.5218365,e:,144.4568869,,0,,0,_,179.1713326,_,55.99104143,x,300.1119821,,0,_,190,e,166.25,,0,,0,_,195,_,53.75,x,201.25
_e__x-3.TextGrid,,0,_,254.8262548,e,150.5791506,,0,closure,51.15830116,k burst,68.53281853,_,71.42857143,x,341.6988417,,0,_,296.5909091,e,192.0454545,,0,,0,_,244.3181818,_,32.95454545,x,304.5454545
_ek__x.TextGrid,,0,_,235.0282486,e,120.9039548,,0,closure,79.0960452,k_ burst,55.36723164,_,68.92655367,x,398.8700565,,0,_,247.4226804,e,167.0103093,,0,closure,112.8865979,k burst,78.86597938,_,139.1752577,x,204.1237113
_ek_x-2.TextGrid,,0,_,194.485842,e,77.49627422,,0,closure,67.06408346,k burst,33.53204173,_,70.78986587,x,170.6408346,,0,_,258.7155963,e,151.3761468,,0,closure,119.7247706,k burst,44.03669725,_,107.3394495,x,276.6055046
_ek__x-3.TextGrid,,0,_,214.922049,e,163.6971047,,0,closure,57.9064588,k_ burst,93.54120267,_,59.02004454,x,329.6213808,,0,_,204.2553191,e,162.1276596,,0,closure,76.59574468,k_ burst,76.59574468,_,103.4042553,x,296.1702128
_i_ke_.TextGrid,,0,_,194.143167,i:,136.659436,,0,closure,104.1214751,k burst,90.02169197,e,246.2039046,,0,,0,_,203.2653061,i,97.95918367,,0,closure,53.87755102,k burst,116.3265306,e,329.3877551,,0
_i_ke_-2.TextGrid,,0,_,210.6360792,i:,106.3607925,,0,closure,118.8738269,k burst,36.49635036,e_,241.9186653,,0,,0,_,211.5207373,i,134.1013825,,0,closure,113.3640553,k burst,60.82949309,e,326.2672811,,0
_i_ke_-3.TextGrid,,0,_,244.4678609,i:,86.40674394,,0,closure,40.04214963,k burst,99.0516333,e,403.5827187,,0,,0,_,282.2580645,i,127.4193548,,0,closure,104.8387097,k burst,98.38709677,e,441.9354839,,0
so_p_.TextGrid,,0,s,204.1587902,o:,155.9546314,,0,closure,120.0378072,p burst,48.20415879,_,120.0378072,,0,,0,s,247.5336323,o,212.5560538,,0,closure,154.7085202,p burst,53.81165919,_,191.0313901,,0
so_p_-2.TextGrid,,0,s,220.3389831,o:,153.5393819,,0,closure,147.557328,p burst,25.9222333,_,86.73978066,,0,,0,s,241.4634146,o,190.2439024,,0,closure,129.2682927,p burst,48.7804878,_,137.804878,,0
so_p_-3.TextGrid,,0,s,206.0353798,o:,175.8584807,,0,closure,131.1134235,p burst,40.58272633,_,143.6004162,,0,,0,s,232.2580645,o,210.1382488,,0,closure,129.9539171,p burst,76.03686636,_,116.1290323,,0
_op_.TextGrid,,0,_,214.0762463,_,74.2913001,,0,closure,105.5718475,p burst,29.3255132,_,151.5151515,,0,,0,_,228.3783784,creak,87.83783784,,0,closure,162.1621622,p burst,39.18918919,_,117.5675676,,0
_op_-2.TextGrid,,0,_,266.9584245,o,80.96280088,,0,closure,117.0678337,p burst,28.4463895,_,161.9256018,,0,,0,_,195.9854015,_,86.49635036,,0,closure,109.4890511,p burst,35.03649635,_,130.2919708,,0
_op_-3.TextGrid,,0,_,231.7429406,_,66.21226874,,0,closure,131.4508277,p burst,22.39532619,_,134.3719572,,0,,0,_,215.3225806,_,81.0483871,,0,closure,104.0322581,p burst,45.96774194,_,182.6612903,,0
taki_.TextGrid,closure,171.1798839,t burst,88.97485493,a,76.40232108,,0,closure,119.9226306,k burst,102.5145068,i:,372.3404255,,0,closure,117.1052632,t burst,90.78947368,a,122.3684211,,0,closure,125,k burst,90.78947368,i,335.5263158,,0
taki_-2.TextGrid,closure,158.5365854,t burst,68.73614191,a,115.2993348,,0,closure,123.059867,k burst,74.27937916,i:,250.5543237,,0,closure,108.2608696,t burst,54.7826087,a,156.5217391,x,150,,0,,0,i,273.9130435,,0
taki_-3.TextGrid,closure,123.7677985,t burst,74.47973713,a,119.3866375,,0,closure,107.3384447,k burst,39.43044907,i:,235.4874042,,0,closure,146.3414634,t burst,74.3902439,a,115.8536585,,0,closure,113.4146341,k burst,52.43902439,i,275.6097561,,0
taku_.TextGrid,closure,158.5106383,t burst,73.40425532,a,84.04255319,,0,closure,131.9148936,k burst ,112.7659574,u:,220.212766,,0,closure,145.8100559,t burst,108.9385475,a,157.5418994,,0,closure,155.8659218,k burst,78.77094972,u,301.6759777,,0
taku_-2.TextGrid,closure,112.3260437,t burst,36.77932406,a,110.3379722,,0,closure,86.48111332,k burst,31.80914513,u:,225.6461233,,0,closure,135.7142857,t burst,71.42857143,a,148.5714286,,0,closure,120,k burst,64.28571429,u,292.8571429,,0
taku_-3.TextGrid,closure,217.6724138,t burst,39.51149425,a,77.5862069,,0,closure,79.02298851,k burst,23.70689655,o:,198.9942529,,0,closure,168.3673469,t burst,107.1428571,a,130.1020408,,0,closure,125.5102041,k burst,75,o,255.6122449,,0
taxpa_.TextGrid,closure,129.8174442,t burst,74.03651116,a,76.06490872,x,140.9736308,closure,176.4705882,p burst,26.36916836,a:,309.3306288,,0,closure,157.6271186,t burst,64.40677966,a,169.4915254,x,110.1694915,closure,162.7118644,p burst,49.15254237,a,389.8305085,,0
taxpa_-2.TextGrid,closure,119.5175439,t burst,93.20175439,a,69.07894737,x,89.9122807,closure,108.5526316,p burst,24.12280702,a:,358.5526316,,0,closure,163.9534884,t burst,83.72093023,a,172.6744186,x,123.8372093,closure,181.3953488,p burst,27.90697674,a,359.3023256,,0
taxpa_-3.TextGrid,closure,111.328125,t burst,41.015625,a,102.5390625,x,93.75,closure,79.1015625,p burst,24.4140625,a:,285.15625,,0,closure,141.4285714,t burst,107.1428571,a,112.8571429,x,144.2857143,closure,138.5714286,p burst,37.14285714,a,277.1428571,,0
taxt_.TextGrid,closure,109.1891892,t burst,50.81081081,a,109.1891892,x,132.972973,closure,88.64864865,t burst,25.94594595,_,152.4324324,,0,closure,118.9189189,t burst,70.27027027,a,127.027027,x,166.2162162,,0,_,152.7027027,_,155.4054054,,0
taxt_-2.TextGrid,closure,133.3333333,t burst,39.08045977,a,125.2873563,x,141.3793103,closure,200,t burst,22.98850575,_,88.50574713,x,190.8045977,closure,146.9879518,t burst,86.74698795,a,109.6385542,x,161.4457831,closure,133.7349398,t burst,15.6626506,_,162.6506024,,0
taxt_-3.TextGrid,closure,91.33489461,t burst,62.06088993,a,118.2669789,x,114.7540984,closure,84.30913349,t burst,17.56440281,_,135.8313817,,0,closure,150,t burst,109.9009901,a,112.8712871,x,127.7227723,,0,_,204.950495,_,166.3366337,,0
taxt_x.TextGrid,closure,111.6856256,t burst,85.83247156,a,67.21820062,x,164.42606,closure,96.1737332,t burst,21.71664943,_,40.33092037,x,255.4291624,closure,182.967033,t burst,80.76923077,a,150,x,156.5934066,closure,159.8901099,t burst,34.61538462,_,57.69230769,x,318.1318681
taxt_x-2.TextGrid,closure,193.9451277,t burst,94.60737938,a,94.60737938,x,58.65657521,closure,122.9895932,t burst,18.92147588,_,83.25449385,x,132.4503311,closure,119.4444444,t burst,75,a,133.3333333,x,72.22222222,,0,_,175,_,141.6666667,x,190.2777778
taxt_x-3.TextGrid,closure,124.0478781,t burst,60.93579978,a,105.5495103,x,138.1936888,closure,79.43416757,t burst,15.23394995,_,72.90533188,x,325.3536453,closure,151.6129032,t burst,67.74193548,a,143.5483871,x,143.5483871,closure,153.2258065,t burst,51.61290323,_,93.5483871,x,198.3870968
t_sax.TextGrid,closure,123.9754098,t burst,45.08196721,_,37.90983607,,0,,0,s,156.7622951,a,127.0491803,x,354.5081967,closure,95.3125,t burst,70.3125,_,71.875,,0,,0,s,195.3125,a,221.875,x,132.8125
t_sax-2.TextGrid,closure,179.6060255,t burst,85.74739282,_,30.12746234,,0,,0,s,199.3047509,a,144.8435689,x,294.3221321,closure,154.6583851,t burst,115.5279503,_,37.26708075,,0,,0,s,318.6335404,a,251.552795,x,393.1677019
t_sax-3.TextGrid,,0,_,122.1374046,_,50.89058524,,0,,0,s,116.2001696,a,139.9491094,x,144.1899915,closure,151.4563107,t burst,45.14563107,_,55.33980583,,0,,0,s,219.9029126,a,216.9902913,x,263.592233
t_si_.TextGrid,closure,117.9302046,t burst,54.15162455,_,113.1167268,,0,,0,s,206.9795427,i:,251.5042118,,0,closure,164.4230769,t burst,96.63461538,_,100.9615385,,0,,0,s,222.1153846,i,259.6153846,,0
t_si_-2.TextGrid,closure,87.31617647,t,32.16911765,a,124.0808824,,0,,0,s,151.6544118,i:,204.0441176,,0,closure,100,t burst,47.43589744,a,139.7435897,,0,,0,s,194.8717949,i,221.7948718,,0
t_si_-3.TextGrid,closure,118.2572614,t burst,68.46473029,_,88.17427386,,0,,0,s,178.4232365,i:,260.373444,,0,closure,140.7582938,t burst,81.04265403,_,112.3222749,,0,,0,s,203.3175355,i,264.4549763,,0
tu_t_x.TextGrid,closure,143.7308869,t burst,78.49133537,u:,128.440367,,0,closure,83.58817533,t burst,36.69724771,_,95.82059123,x,243.6289501,closure,211.5,t burst,111,u,153,,0,closure,148.5,t burst,48,_,123,x,219
tu_t_x-2.TextGrid,closure,226.9372694,t burst,84.87084871,u:,127.3062731,,0,closure,65.49815498,t burst,47.9704797,_,55.35055351,x,261.0701107,closure,160.6635071,t burst,103.7914692,u,170.6161137,,0,closure,127.9620853,t burst,44.07582938,_,115.1658768,x,116.5876777
tu_t_x-3.TextGrid,closure,128.0632411,t burst,85.37549407,u:,122.5296443,,0,closure,65.61264822,t burst,40.31620553,_,41.8972332,x,222.9249012,closure,139.0243902,t burst,96.58536585,u,200.4878049,,0,closure,120,t burst,46.82926829,_,98.04878049,x,254.6341463
vo_ti_.TextGrid,,0,,0,o:,148.4759095,,0,closure,97.34513274,t burst,67.84660767,i:,276.3028515,,0,,0,,0,o,186.9955157,,0,closure,127.8026906,t burst,92.82511211,i,351.1210762,,0
vo_ti_-2.TextGrid,,0,,0,o:,160,,0,closure,101.1111111,t burst,85.55555556,i:,312.2222222,,0,,0,,0,o,120.1923077,,0,closure,92.30769231,t,33.65384615,i,279.8076923,,0
vo_ti_-3.TextGrid,,0,,0,o:,160.2434077,,0,,0,_,189.6551724,i:,311.3590264,,0,,0,,0,o,128.5714286,,0,closure,94.89795918,t burst,53.06122449,i,268.3673469,,0
,,,,,,,,,,,,,,,,,,,,,,,,,,,,,,,,
Missing File,,,,,,,,,,,,,,,,,,,,,,,,,,,,,,,,
baxt_x.TextGrid,,,,,,,,,,,,,,,,,,,,,,,,,,,,,,,,