file,vowel,F1,F2,F3,file,vowel,F1,F2,F3,file,vowel,F1,F2,F3,soundname,intervalname,F1,F2,F3,soundname,intervalname,F1,F2,F3,soundname,intervalname,F1,F2,F3,soundname,intervalname,F1,F2,F3,soundname,intervalname,F1,F2,F3,soundname,intervalname,F1,F2,F3,soundname,intervalname,F1,F2,F3,soundname,intervalname,F1,F2,F3,soundname,intervalname,F1,F2,F3,soundname,intervalname,F1,F2,F3,soundname,intervalname,F1,F2,F3,soundname,intervalname,F1,F2,F3
baapach-2,a:,605.9901755,1185.448267,2389.442306,baapach-2,ə,593.5817019,1157.433934,2491.647872,baapach-2,a:,577.2962491,1421.068725,2557.233351,baapach-2,closure,626.5333136,1747.858703,3097.095771,baapach-2,p burst,478.5737451,1714.521123,2977.721822,baapach-2,_,547.7026452,1229.144959,2802.322506,baapach-2,x,881.7111382,2021.005464,3208.977267,,,,,,,,,,,,,,,,,,,,,,,,,,,,,,,,,,,,,,,,
baapach-3,a:,701.8907216,1332.869993,2616.132531,baapach-3,ə,600.1184854,1034.178712,2696.490359,baapach-3,a:,696.1262359,1466.512463,2736.042401,baapach-3,closure,833.3792237,1851.46347,3147.214244,baapach-3,p burst,871.2507363,2213.176069,3168.057164,baapach-3,x,870.7877389,2319.002637,3357.723026,,,,,,,,,,,,,,,,,,,,,,,,,,,,,,,,,,,,,,,,,,,,,
baapach,a:,774.024723,1503.986532,2737.11296,baapach,ə,475.5159885,1362.685831,2929.440778,baapach,a:,558.061099,1337.098378,2463.906413,baapach,closure,617.8919894,1421.635908,2969.512018,baapach,p burst,242.6800218,1321.661136,2755.362776,baapach,_,516.4104031,880.3575409,2465.085198,baapach,x,888.0661916,2354.240732,3451.986232,,,,,,,,,,,,,,,,,,,,,,,,,,,,,,,,,,,,,,,,
baasuu-2,a:,634.0855959,1396.397726,2412.413826,baasuu-2,u:,367.9571212,1036.345778,2884.927232,baasuu-2,a:,518.5260927,1355.157798,2624.259029,baasuu-2,s,1516.673215,2606.905166,3518.544887,baasuu-2,u,366.2325383,1121.650087,2590.524612,,,,,,,,,,,,,,,,,,,,,,,,,,,,,,,,,,,,,,,,,,,,,,,,,,
baasuu-3,a:,575.6619179,1630.919495,2719.718233,baasuu-3,u:,358.833799,1174.607209,2668.007563,baasuu-3,a:,594.2827139,1603.251264,2578.868977,baasuu-3,s,1502.555596,2656.516895,3553.644588,baasuu-3,u,442.0850189,1304.29764,2680.213812,,,,,,,,,,,,,,,,,,,,,,,,,,,,,,,,,,,,,,,,,,,,,,,,,,
baasuu,a:,607.308722,1197.778661,2333.420038,baasuu,u:,311.1049117,926.297494,3077.757303,baasuu,a:,521.2329934,1173.313714,2510.094214,baasuu,s,1429.136604,2677.897081,3664.867161,baasuu,u,332.6016846,1038.433061,3039.974987,,,,,,,,,,,,,,,,,,,,,,,,,,,,,,,,,,,,,,,,,,,,,,,,,,
bacach-2,ə,515.1308127,1311.159458,2450.279483,bacach-2,a,569.390245,1313.116969,2611.297516,bacach-2,ə,334.9570698,1151.983403,2892.298929,bacach-2,closure,614.6069609,1657.229131,3021.249681,bacach-2,k burst,891.7176077,1575.613982,2840.102742,bacach-2,a,602.9891386,1402.028108,2591.176586,bacach-2,x,1006.682287,2398.129836,3445.695193,,,,,,,,,,,,,,,,,,,,,,,,,,,,,,,,,,,,,,,,
bacach-3,ə,496.885588,1297.409058,2733.795304,bacach-3,a,725.7511686,1512.535296,2734.216123,bacach-3,ə,407.8767769,1249.669363,2602.963119,bacach-3,closure,607.0848797,1489.656573,3031.561299,bacach-3,k burst,764.5371289,1453.389533,2799.344517,bacach-3,a,616.8234724,1479.708421,2649.485364,bacach-3,x,1104.602496,2620.821131,3650.266869,,,,,,,,,,,,,,,,,,,,,,,,,,,,,,,,,,,,,,,,
bacach-4,ə,455.913564,1326.256412,2832.973957,bacach-4,a,693.4064857,1448.110175,2696.272172,bacach-4,ə,326.7149955,1233.902252,2482.879971,bacach-4,closure,838.2460137,1775.671777,3041.523512,bacach-4,k burst,963.3465904,1929.828423,2998.446432,bacach-4,a,616.7458278,1425.546942,2270.821609,bacach-4,x,1026.777026,2371.872014,3296.545565,,,,,,,,,,,,,,,,,,,,,,,,,,,,,,,,,,,,,,,,
bacach-5,ə,455.4374601,1308.000758,2908.182199,bacach-5,a,614.441536,1337.094716,2562.755049,bacach-5,ə,422.5326784,1318.869292,2760.776369,bacach-5,closure,651.7422394,1617.742235,3141.718486,bacach-5,k burst,827.7434985,1518.788302,2909.052027,bacach-5,a,651.474676,1582.372116,2950.596026,bacach-5,x,1083.130203,2263.379844,3196.375863,,,,,,,,,,,,,,,,,,,,,,,,,,,,,,,,,,,,,,,,
bacach-6,ə,463.153457,1254.698808,2462.288388,bacach-6,a,639.7171436,1399.389734,2692.285635,bacach-6,ə,355.5292119,1150.097208,2655.746498,bacach-6,closure,890.3465514,1564.805393,2897.577731,bacach-6,k burst,963.9932793,1835.066228,3125.860416,bacach-6,a,584.1725048,1326.851762,2594.251575,bacach-6,x,854.4260024,2020.413755,2954.860994,,,,,,,,,,,,,,,,,,,,,,,,,,,,,,,,,,,,,,,,
bacach,ə,491.1594478,1100.497805,2525.312349,bacach,a,520.9023632,1299.71061,2635.604843,bacach,ə,423.9718618,1316.184483,2920.992968,bacach,closure,745.4009939,1496.566123,2842.68322,bacach,k burst,818.3377285,1582.72191,2908.813863,bacach,a,630.606388,1418.324597,2550.246285,bacach,x,1036.720934,2412.006502,3335.966481,,,,,,,,,,,,,,,,,,,,,,,,,,,,,,,,,,,,,,,,
bachta-2,a,696.8598747,1508.861429,2637.135616,bachta-2,ə,569.8988037,1671.583849,2822.151555,bachta-2,a,628.288705,1558.445559,2902.14961,bachta-2,x,1400.192565,2590.01416,3467.375348,bachta-2,_,917.764297,2418.320978,3409.242121,bachta-2,_,481.7800118,1380.642981,2757.540607,,,,,,,,,,,,,,,,,,,,,,,,,,,,,,,,,,,,,,,,,,,,,
bachta-3,a,597.452377,1183.406294,2629.732735,bachta-3,ə,622.909291,1739.059329,3073.241319,bachta-3,a,697.0549571,1570.673174,2767.696461,bachta-3,x,1195.170614,2511.476153,3344.231042,bachta-3,_,1007.988419,2394.573157,3319.282642,bachta-3,_,379.9670216,1216.152095,2499.652233,,,,,,,,,,,,,,,,,,,,,,,,,,,,,,,,,,,,,,,,,,,,,
bachta-4,a,672.2582029,1432.591679,2780.701959,bachta-4,ə,424.8173335,1327.97481,2533.463968,bachta-4,a,744.4433389,1749.758245,2943.367575,bachta-4,x,1069.53558,2405.486451,2967.240727,bachta-4,_,962.2771409,2329.741992,3407.008653,bachta-4,_,670.9503847,1742.472177,2937.231762,,,,,,,,,,,,,,,,,,,,,,,,,,,,,,,,,,,,,,,,,,,,,
bachta,a,840.0413688,1501.836508,2567.936334,bachta,ə,609.0744941,1654.023827,3010.571068,bachta,a,731.6539774,1479.886957,2839.110659,bachta,x,1192.337485,2365.65674,3194.069327,bachta,_,1461.917108,2526.524658,3630.656392,bachta,_,507.5572437,1617.489541,2838.771972,,,,,,,,,,,,,,,,,,,,,,,,,,,,,,,,,,,,,,,,,,,,,
bachtach-2,a,710.9841844,1317.68751,2460.218052,bachtach-2,ə,517.903888,1280.781151,2711.024996,bachtach-2,a,690.3959561,1366.360018,2518.362419,bachtach-2,x,1089.218541,2058.75923,3071.324739,bachtach-2,_,1313.490716,2560.164287,3451.066511,bachtach-2,_,576.6654298,1419.439331,2807.306687,bachtach-2,x,1022.017914,2454.814507,3331.66727,,,,,,,,,,,,,,,,,,,,,,,,,,,,,,,,,,,,,,,,
bachtach-3,a,752.2218932,1506.958943,2688.888708,bachtach-3,ə,711.2273041,1597.92471,2669.456682,bachtach-3,a,749.5886914,1679.470163,2862.522572,bachtach-3,x,1217.635397,2456.88657,3304.208464,bachtach-3,closure,947.0304604,2197.403459,3326.593952,bachtach-3,t burst,839.8209795,1998.175277,3278.064752,bachtach-3,_,575.6511641,1294.401196,2662.237759,bachtach-3,x,984.6840855,2355.918612,3152.885926,,,,,,,,,,,,,,,,,,,,,,,,,,,,,,,,,,,
bachtach,a,746.39014,1604.841086,2788.465656,bachtach,ə,528.1281437,1588.804712,2855.022596,bachtach,a,647.0839308,1173.340638,2837.487169,bachtach,x,1107.193687,2456.505675,3410.213321,bachtach,closure,1421.496983,2603.954059,3505.848354,bachtach,t burst,768.5581307,2013.358248,3380.730507,bachtach,_,499.7792284,1446.054495,2308.538013,bachtach,x,917.1607576,2003.28962,3012.476847,,,,,,,,,,,,,,,,,,,,,,,,,,,,,,,,,,,
bachto-2,a,781.7101911,1559.572065,2762.337939,bachto-2,o,446.7531132,1180.757143,2574.927059,bachto-2,a,698.7987232,1596.290622,2739.081386,bachto-2,x,1167.200985,2580.825761,3487.528669,bachto-2,closure,1450.510976,2667.472097,3551.055595,bachto-2,t burst,473.0692309,1469.733482,2746.190438,bachto-2,o,473.6018548,1190.79659,2779.744643,,,,,,,,,,,,,,,,,,,,,,,,,,,,,,,,,,,,,,,,
bachto,a,653.0253182,1461.84703,2622.489139,bachto,o,486.2345251,1311.999715,2693.715066,bachto,a,697.31652,1534.032762,2567.665257,bachto,x,1007.515657,2577.166443,3477.668253,bachto,_,1365.743878,2540.601983,3494.052506,bachto,o,438.7483723,1264.374008,2640.669197,,,,,,,,,,,,,,,,,,,,,,,,,,,,,,,,,,,,,,,,,,,,,
bachtuu-2,a,678.5988299,1427.742326,2758.848626,bachtuu-2,u:,370.9091031,1225.069901,2756.57304,bachtuu-2,a,700.4561352,1599.275403,2723.157099,bachtuu-2,x,1008.965952,2415.787262,3322.705832,bachtuu-2,_,1123.731089,2337.028474,3388.643101,bachtuu-2,u,383.627284,1252.135754,2741.025575,,,,,,,,,,,,,,,,,,,,,,,,,,,,,,,,,,,,,,,,,,,,,
bachtuu-3,a,710.617152,1391.051417,2626.392178,bachtuu-3,u:,403.393293,1260.846146,2818.442719,bachtuu-3,a,609.6426426,1565.083528,2739.294096,bachtuu-3,x,924.2768477,2057.612808,3027.806029,bachtuu-3,_,1097.867338,2416.152307,3284.160811,bachtuu-3,u,396.7184352,1372.983269,2529.432638,,,,,,,,,,,,,,,,,,,,,,,,,,,,,,,,,,,,,,,,,,,,,
bachtuu,a,673.4026548,1375.859621,2706.672559,bachtuu,u:,343.145946,1102.559388,2901.513115,bachtuu,a,589.448946,1378.083268,2668.343542,bachtuu,x,1136.748306,2401.109786,3279.721122,bachtuu,closure,1094.721634,2581.227867,3482.748907,bachtuu,t burst,402.8615908,1594.262304,2968.012517,bachtuu,u,357.9932013,1043.657269,2987.151986,,,,,,,,,,,,,,,,,,,,,,,,,,,,,,,,,,,,,,,,
bahuu-2,æ,617.3926137,1560.719883,2785.25591,bahuu-2,u:,499.5916107,1428.473494,2565.212065,bahuu-2,æ,599.0596424,1541.702338,2660.176542,bahuu-2,h,465.8701693,1603.592116,2730.101498,bahuu-2,u,416.7870471,1200.66209,2579.133869,,,,,,,,,,,,,,,,,,,,,,,,,,,,,,,,,,,,,,,,,,,,,,,,,,
bahuu-3,æ,584.9942656,1464.127834,2430.49628,bahuu-3,u:,485.205282,1313.123828,2582.682405,bahuu-3,æ,636.7623541,1570.969904,2638.495143,bahuu-3,h,501.3913607,1693.366051,2994.992434,bahuu-3,u,316.7034473,1021.859968,2386.416448,,,,,,,,,,,,,,,,,,,,,,,,,,,,,,,,,,,,,,,,,,,,,,,,,,
bahuu,æ,546.8043499,1391.081512,2542.273368,bahuu,u:,343.1572715,1073.340006,2836.849333,bahuu,æ,571.6831099,1544.64175,2784.346976,bahuu,h?,427.7727235,1495.018153,2811.272452,bahuu,u,372.1041728,1179.765011,2603.175319,,,,,,,,,,,,,,,,,,,,,,,,,,,,,,,,,,,,,,,,,,,,,,,,,,
bata-2,a,640.1094506,1406.890444,2637.217224,bata-2,ə,388.9020074,1462.52624,2679.510923,bata-2,a,787.2352274,1563.670184,2868.416361,bata-2,_,921.5127464,2327.19559,3363.917367,bata-2,_,419.0948642,1467.346796,2767.266993,,,,,,,,,,,,,,,,,,,,,,,,,,,,,,,,,,,,,,,,,,,,,,,,,,
bata-3,a,777.0171133,1418.134878,2917.477734,bata-3,ə,365.5293719,1560.378445,2791.453066,bata-3,a,817.2460277,1634.041462,2862.73572,bata-3,_,996.6739715,2268.767163,3370.684022,bata-3,_,455.2879913,1640.836598,2931.503518,,,,,,,,,,,,,,,,,,,,,,,,,,,,,,,,,,,,,,,,,,,,,,,,,,
bata,a,594.5452301,1326.563499,2501.416937,bata,ə,617.9423362,1733.776722,2859.665932,bata,a,569.935178,1481.786477,2690.011895,bata,_,990.7591021,2312.418358,3403.677208,bata,_,381.2326869,1217.515621,2520.153921,,,,,,,,,,,,,,,,,,,,,,,,,,,,,,,,,,,,,,,,,,,,,,,,,,
biseach-2,i,338.3547971,1696.498701,2737.918115,biseach-2,a,905.8671163,2205.901919,3331.465339,biseach-2,i,365.8259151,1549.368066,2586.894884,biseach-2,_,1408.570332,2444.632377,3247.730354,biseach-2,_,526.5146575,1308.998046,2586.815515,biseach-2,x,1049.049421,2480.880278,3453.097297,,,,,,,,,,,,,,,,,,,,,,,,,,,,,,,,,,,,,,,,,,,,,
biseach-3,i,352.4254729,1442.591338,2593.447518,biseach-3,a,466.1322454,1320.395697,2674.181307,biseach-3,i,396.6271654,1614.435356,2722.819921,biseach-3,_,1296.160252,2382.154062,3254.33676,biseach-3,_,488.2538867,1335.625498,2543.13929,biseach-3,x,1018.931716,2376.075164,3457.982888,,,,,,,,,,,,,,,,,,,,,,,,,,,,,,,,,,,,,,,,,,,,,
biseach-4,i,391.9915011,1362.677771,2704.323655,biseach-4,a,675.7791251,1625.431262,2711.890626,biseach-4,i,433.532271,1692.299263,3130.375857,biseach-4,_,1301.368944,2353.569154,3304.801469,biseach-4,_,621.7274782,1706.825672,2736.664319,biseach-4,x,1058.56922,2278.314261,3390.76134,,,,,,,,,,,,,,,,,,,,,,,,,,,,,,,,,,,,,,,,,,,,,
biseach-5,i,396.2523019,1555.417857,2635.946595,biseach-5,a,593.1269171,1605.818175,2663.812304,biseach-5,i,409.9962225,1677.06629,3015.513538,biseach-5,_,1282.930331,2324.136217,3259.938406,biseach-5,_,641.7587589,1615.869668,2832.103035,biseach-5,x,1033.842158,2274.19125,3216.884031,,,,,,,,,,,,,,,,,,,,,,,,,,,,,,,,,,,,,,,,,,,,,
biseach-6,i,381.4440949,1548.104501,2775.580409,biseach-6,a,826.3501807,2017.111217,2873.346778,biseach-6,i,375.3975692,1436.237759,2749.621496,biseach-6,_,1493.17997,2510.191757,3363.970004,biseach-6,_,667.4235352,1648.529604,2753.832381,biseach-6,x,1088.611209,2440.510981,3240.100861,,,,,,,,,,,,,,,,,,,,,,,,,,,,,,,,,,,,,,,,,,,,,
biseach,i,360.1027106,1547.193666,2843.566301,biseach,a,499.2133406,1427.671879,2254.485376,biseach,i,339.8016028,1674.737515,2747.417514,biseach,_,1105.291584,2282.179956,3123.133043,biseach,_,496.0698023,1322.213595,2628.261178,biseach,x,992.67165,2258.593466,3299.286791,,,,,,,,,,,,,,,,,,,,,,,,,,,,,,,,,,,,,,,,,,,,,
caaca-2,a,528.0250767,1318.181652,2735.398902,caaca-2,ə,472.6719975,1232.114133,2736.324082,caaca-2,a:,572.5972415,1132.483517,2399.666415,caaca-2,closure,708.526638,1872.522221,3344.416438,caaca-2,k burst,647.0140005,1271.041265,2883.660905,caaca-2,_,312.0396962,1212.837828,2673.766555,,,,,,,,,,,,,,,,,,,,,,,,,,,,,,,,,,,,,,,,,,,,,
caaca-3,a,686.986582,1529.433963,2573.179493,caaca-3,ə,433.6185936,1427.775286,2758.959793,caaca-3,a:,710.4076308,1597.681911,2712.685893,caaca-3,closure,737.640113,1580.346786,3001.885482,caaca-3,k burst,824.9157981,1821.367954,3140.527829,caaca-3,_,517.2297418,1632.109487,2902.465381,,,,,,,,,,,,,,,,,,,,,,,,,,,,,,,,,,,,,,,,,,,,,
caaca,a,579.9370467,1134.660274,2447.040766,caaca,ə,482.8657354,1248.150033,2840.440651,caaca,a:,547.8205183,1194.440824,2318.64487,caaca,closure,810.3575713,2041.340853,3296.073534,caaca,k burst,673.4663422,1293.431566,2911.041644,caaca,_,352.1780345,1242.389694,2861.852358,,,,,,,,,,,,,,,,,,,,,,,,,,,,,,,,,,,,,,,,,,,,,
cachpa-2,a,669.887753,1393.948128,2547.292369,cachpa-2,ə,810.4909551,1850.050497,2902.129324,cachpa-2,a,750.843179,1392.588598,2389.756052,cachpa-2,x,924.6518438,2257.123714,3231.879109,cachpa-2,closure,528.0252586,1842.319114,3085.722109,cachpa-2,p burst,597.6706029,1851.255003,3016.142275,cachpa-2,_,584.0319165,1507.390367,2809.668905,,,,,,,,,,,,,,,,,,,,,,,,,,,,,,,,,,,,,,,,
cachpa-3,a,647.9413289,1608.510599,2658.816446,cachpa-3,ə,784.9871814,1867.029056,3098.532827,cachpa-3,a,591.9154031,1521.232075,2763.100517,cachpa-3,x,910.380708,1807.270319,2978.190899,cachpa-3,closure,986.3368658,2287.743448,3377.510001,cachpa-3,p burst,621.9793937,1849.156027,3231.606427,cachpa-3,_,547.4870389,1430.591786,2806.918051,,,,,,,,,,,,,,,,,,,,,,,,,,,,,,,,,,,,,,,,
cachpa,a,672.764838,1655.556918,2711.700421,cachpa,ə,539.8751593,1335.618099,2780.821121,cachpa,a,591.918301,1579.300742,2790.024253,cachpa,x,907.8851902,1856.323585,3066.195519,cachpa,closure,1053.231545,2468.875608,3705.160314,cachpa,p burst,242.184095,1096.068416,2574.208815,cachpa,_,508.967398,1316.028739,2748.826161,,,,,,,,,,,,,,,,,,,,,,,,,,,,,,,,,,,,,,,,
cachta-2,a,741.1183706,1715.683224,3038.759993,cachta-2,ə,654.6075968,1660.131245,2786.90057,cachta-2,a,687.0762169,1659.928743,2746.485299,cachta-2,x,837.1370915,1923.919376,3010.681621,cachta-2,closure,1337.594208,2513.236631,3506.370282,cachta-2,t burst,452.4665185,1484.042968,2947.695903,cachta-2,_,393.7362797,1462.404497,2864.63967,,,,,,,,,,,,,,,,,,,,,,,,,,,,,,,,,,,,,,,,
cachta-3,a,652.7571859,1248.113828,2603.360634,cachta-3,ə,392.117577,1505.735077,2733.419077,cachta-3,a,697.2565362,1791.680721,2671.538553,cachta-3,x,1048.468316,1999.64442,2936.434517,cachta-3,closure,1118.686753,2552.276216,3514.212483,cachta-3,t burst,560.557258,1661.481694,2926.236591,cachta-3,_,448.9498441,1403.435388,2780.954243,,,,,,,,,,,,,,,,,,,,,,,,,,,,,,,,,,,,,,,,
cachta,a,782.00955,1617.893999,2844.785512,cachta,ə,485.0437258,1334.104919,2867.617775,cachta,a,650.7307573,1579.24928,2871.910998,cachta,x,1081.222599,2355.429536,3186.995382,cachta,_,1361.240849,2555.715942,3491.95719,cachta,_,456.5043166,1303.772807,2829.703737,,,,,,,,,,,,,,,,,,,,,,,,,,,,,,,,,,,,,,,,,,,,,
cachtach-2,a,666.053638,1483.339727,2671.134597,cachtach-2,ə,543.2570779,1453.655969,2577.812043,cachtach-2,a,795.4553963,1733.845187,2772.963344,cachtach-2,x,892.0398303,1740.195709,3037.251504,cachtach-2,closure,1013.438058,2303.76612,3394.082187,cachtach-2,t burst,366.2905369,1462.444343,2869.576993,cachtach-2,_,671.8148694,1865.587596,3149.286398,cachtach-2,x,1003.417138,2296.677884,3157.257458,,,,,,,,,,,,,,,,,,,,,,,,,,,,,,,,,,,
cachtach-3,a,741.1288121,1460.77552,2831.637667,cachtach-3,ə,646.0490861,1665.936541,2852.493401,cachtach-3,a,731.0813109,1616.884072,2793.233296,cachtach-3,x,1013.490889,2189.787808,3190.974689,cachtach-3,_,1084.902822,2345.107104,3324.198707,cachtach-3,_,575.0398024,1349.927264,2691.800244,cachtach-3,x,1096.537458,2629.634244,3431.317268,,,,,,,,,,,,,,,,,,,,,,,,,,,,,,,,,,,,,,,,
cachtach,a,657.2013124,1497.824729,2637.141711,cachtach,,,,,cachtach,a,654.8799067,1443.582047,2942.084769,cachtach,x,1131.58108,2270.137522,3232.126371,cachtach,closure,1181.458402,2425.011623,3412.12163,cachtach,t burst,459.4569819,1729.462,2967.424008,cachtach,_,518.8622888,1239.256111,2511.186153,cachtach,x,944.576508,2319.791783,3337.185068,,,,,,,,,,,,,,,,,,,,,,,,,,,,,,,,,,,
cata-2,a,615.0707703,1797.127033,2942.720313,cata-2,ə,342.8281495,1683.742275,3001.90906,cata-2,a,478.5458497,1816.784148,2855.470739,cata-2,closure,1200.004846,2724.798587,3583.532155,cata-2,t burst,964.2400388,2250.623508,3101.260222,cata-2,_,418.9547608,1788.389437,2927.797202,,,,,,,,,,,,,,,,,,,,,,,,,,,,,,,,,,,,,,,,,,,,,
cata-3,a,817.5548391,1959.471691,3046.682624,cata-3,ə,509.5271034,1809.300661,2937.600871,cata-3,a,600.8142671,1691.867974,2876.990225,cata-3,closure,939.7485231,2593.149932,3241.875327,cata-3,t burst,606.4216525,2147.964443,2980.826018,cata-3,_,390.7912952,1494.022531,2742.481983,,,,,,,,,,,,,,,,,,,,,,,,,,,,,,,,,,,,,,,,,,,,,
cata,a,408.2324927,1730.200904,2835.817979,cata,ə,371.4439648,1805.917298,3094.937281,cata,a,564.366401,1718.838619,2971.858516,cata,closure,900.6824098,2367.297213,3380.96577,cata,t burst,835.1241774,2167.23162,2968.214009,cata,_,314.2740765,1760.70513,2676.746407,,,,,,,,,,,,,,,,,,,,,,,,,,,,,,,,,,,,,,,,,,,,,
catach-2,ə,432.6239363,1407.679401,2574.582344,catach-2,a,553.4298607,1248.83839,2849.361056,catach-2,ə,611.4295899,1361.006087,2863.051353,catach-2,closure,1024.571281,2493.483854,3306.132937,catach-2,t burst,368.2483969,1358.531482,2830.115545,catach-2,_,471.8201603,1068.887579,2649.14166,catach-2,x,1011.532824,2437.009573,3350.981514,,,,,,,,,,,,,,,,,,,,,,,,,,,,,,,,,,,,,,,,
catach-3,ə,442.222766,1361.363792,2559.065424,catach-3,a,724.0776731,1662.641632,2580.302558,catach-3,ə,375.2518827,1270.8738,2518.954441,catach-3,closure,884.5318343,2310.532193,3362.924718,catach-3,t burst,962.5868985,1937.504243,3265.70047,catach-3,a,558.9230466,1297.829022,2533.739091,catach-3,x,1043.322979,2047.077942,2858.21998,,,,,,,,,,,,,,,,,,,,,,,,,,,,,,,,,,,,,,,,
catach-4,ə,508.587706,1632.932197,2932.193921,catach-4,a,688.7054337,1521.795823,2680.223455,catach-4,ə,469.0944285,1357.304261,2696.279881,catach-4,closure,994.5918086,2382.093148,3524.350538,catach-4,t burst,626.099273,1854.067266,3167.452816,catach-4,a,732.2208943,1738.61018,2758.063643,catach-4,x,1042.709029,2080.440377,3078.338242,,,,,,,,,,,,,,,,,,,,,,,,,,,,,,,,,,,,,,,,
catach,ə,537.3240874,1271.768116,3103.208055,catach,a,693.1110758,1805.075659,3036.035712,catach,ə,479.8785504,1432.378292,2694.211287,catach,_,859.1284265,2318.742131,3381.394646,catach,_,582.5052692,1473.283628,2577.304714,catach,x,1015.125369,2523.979716,3527.542793,,,,,,,,,,,,,,,,,,,,,,,,,,,,,,,,,,,,,,,,,,,,,
coocoo-2,o:,578.1151634,1439.949286,2643.817517,coocoo-2,o:,550.559294,1596.97713,2678.251644,coocoo-2,o:,424.3065023,1144.092862,2475.515427,coocoo-2,closure,595.8424526,1798.735063,3180.865389,coocoo-2,k burst,633.8028841,1072.327683,3043.249783,coocoo-2,o,475.4704697,1253.055938,2936.419863,,,,,,,,,,,,,,,,,,,,,,,,,,,,,,,,,,,,,,,,,,,,,
coocoo-3,o:,631.3583941,1638.80565,2428.458741,coocoo-3,o,492.5090809,1326.99792,2416.91439,coocoo-3,o:,470.4997234,1331.000776,2484.599336,coocoo-3,closure,526.8259425,1403.431729,2933.432663,coocoo-3,k burst,730.7312669,1316.450778,3000.561323,coocoo-3,o,428.7293398,1178.548298,2519.364965,,,,,,,,,,,,,,,,,,,,,,,,,,,,,,,,,,,,,,,,,,,,,
coocoo,o:,499.8860154,1213.653659,2389.753653,coocoo,o,451.5276379,1076.656426,2966.282962,coocoo,o:,433.6967078,1207.954608,2455.11625,coocoo,closure,672.6079435,1929.782577,3240.062932,coocoo,k burst,697.0085275,1287.696248,2957.98005,coocoo,o,455.6477877,1207.03355,2911.896893,,,,,,,,,,,,,,,,,,,,,,,,,,,,,,,,,,,,,,,,,,,,,
coota-2,o:,546.1431926,1372.757077,2361.3453,coota-2,ə,520.0429736,1494.635989,2801.238254,,,,,,,,,,,,,,,,,,,,,,,,,,,,,,,,,,,,,,,,,,,,,,,,,,,,,,,,,,,,,,,,,
coota-3,o:,535.7138904,1395.544487,2427.718043,coota-3,ə,536.9866002,1430.274024,2797.94244,coota-3,o:,588.2695106,1536.801632,2527.072911,coota-3,_,997.4360011,2300.332933,3405.90776,coota-3,_,541.109332,1725.812151,3020.388693,,,,,,,,,,,,,,,,,,,,,,,,,,,,,,,,,,,,,,,,,,,,,,,,,,
cootə,o:,535.2776407,1378.144879,2796.235891,cootə,ə,522.900937606394,1230.65339853029,2924.22918687031,cootə,o:,461.6122688,959.3697356,2230.78862,coot_,closure,948.264232,2249.441478,3240.851403,coot_,t burst,1118.616915,2288.612005,3436.029802,coot_,_,456.0047135,1329.192273,2897.091899,,,,,,,,,,,,,,,,,,,,,,,,,,,,,,,,,,,,,,,,,,,,,
cupa-2,ə,438.5343202,1253.46904,2581.064616,cupa-2,ə,711.4516688,1755.010319,2979.587408,cupa-2,ə,402.1913984,1164.661871,2713.072753,cupa-2,closure,803.5198343,2105.061468,3336.548161,cupa-2,p burst,449.2813077,1557.445833,2969.179536,cupa-2,_,505.6642253,1338.859116,2848.618865,,,,,,,,,,,,,,,,,,,,,,,,,,,,,,,,,,,,,,,,,,,,,
cupa-3,ə,619.2046772,1550.308555,2771.609534,cupa-3,ə,591.8673449,1611.545752,2684.175972,cupa-3,ə,581.4162987,1556.201532,2719.26425,cupa-3,closure,762.5033826,1885.797745,3259.086081,cupa-3,p burst,436.1110943,1647.146239,2980.962002,cupa-3,_,719.2351299,1807.762242,2964.542135,,,,,,,,,,,,,,,,,,,,,,,,,,,,,,,,,,,,,,,,,,,,,
cupa,ə,586.5346771,1383.271442,2878.610356,cupa,ə,473.8977275,1420.052471,2874.276031,cupa,ə,439.0143577,1349.789556,2808.353714,cupa,closure,523.8332617,1563.229902,3044.774173,cupa,p burst,679.3023688,1956.309751,2973.660529,cupa,_,484.8438421,1350.490758,2841.974484,,,,,,,,,,,,,,,,,,,,,,,,,,,,,,,,,,,,,,,,,,,,,
cuthach-2,ə,784.2273891,1799.804577,2791.778629,cuthach-2,a,777.5983594,1645.327561,2908.014768,cuthach-2,ə,367.5840852,1354.605676,2653.744169,cuthach-2,h,746.5640148,1891.372763,2985.586488,cuthach-2,_,598.0380429,1357.061534,2611.816113,cuthach-2,x,932.7375756,2717.199017,3599.922554,,,,,,,,,,,,,,,,,,,,,,,,,,,,,,,,,,,,,,,,,,,,,
cuthach,ə,1044.885813,2022.491233,3121.775037,cuthach,a,636.5597791,1351.962267,2837.272442,cuthach,ə,535.1017753,1557.338047,2877.017254,cuthach,h,593.3848962,1694.761709,3101.112745,cuthach,_,562.4448272,1279.128185,2709.087455,cuthach,x,862.5358112,1954.636539,3154.543032,,,,,,,,,,,,,,,,,,,,,,,,,,,,,,,,,,,,,,,,,,,,,
daata-2,a:,618.3992156,1571.581408,2627.056138,daata-2,ə,349.222347,1267.499631,2483.981927,daata-2,a,560.4207841,1438.516897,2717.285677,daata-2,closure,1145.84404,2475.149737,3716.169306,daata-2,t burst,640.9446931,1747.382114,3035.863491,daata-2,_,354.4053813,1354.384442,2818.781783,,,,,,,,,,,,,,,,,,,,,,,,,,,,,,,,,,,,,,,,,,,,,
daata-3,a:,601.2871639,1677.249599,2667.265441,daata-3,ə,342.0704705,1237.446646,2547.492088,daata-3,a,581.4785105,1361.71502,2525.738579,daata-3,closure,1265.305254,2665.002322,3638.953214,daata-3,t burst,654.6266109,1848.476783,3204.505415,daata-3,_,519.4980315,1592.57509,2958.452551,,,,,,,,,,,,,,,,,,,,,,,,,,,,,,,,,,,,,,,,,,,,,
daata,a:,561.1901161,1313.649952,2629.43146,daata,ə,423.3629032,1531.011077,2919.959806,daata,a,518.0245945,1309.340678,2480.54427,daata,closure,967.6685885,2322.755676,3327.995786,daata,t burst,273.9434796,1656.880679,2958.527968,daata,_,463.116248,1149.573916,2800.073367,,,,,,,,,,,,,,,,,,,,,,,,,,,,,,,,,,,,,,,,,,,,,
daatii-2,a:,600.8118046,1575.529903,2662.375988,daatii-2,i,326.4706855,1834.660855,2854.692447,daatii-2,a,501.3499633,1372.401041,2617.339645,daatii-2,_,603.0001886,1922.789849,3186.304462,daatii-2,i,354.2674069,1722.259209,2866.288985,,,,,,,,,,,,,,,,,,,,,,,,,,,,,,,,,,,,,,,,,,,,,,,,,,
daatii-3,a:,598.2320794,1533.353663,2588.01776,daatii-3,i,306.5883628,2032.621767,2987.529032,daatii-3,a,537.3146324,1384.755295,2588.024462,daatii-3,closure,864.6479197,2402.674285,3433.354327,daatii-3,t burst,680.5740699,2055.454744,3113.565559,daatii-3,i,308.015302,1810.953012,2912.028163,,,,,,,,,,,,,,,,,,,,,,,,,,,,,,,,,,,,,,,,,,,,,
daatii,a:,562.8928125,1320.5714,2686.885466,daatii,i:,281.4014918,2174.170662,3108.779405,daatii,a,502.6713038,1450.812211,2891.871274,daatii,closure,721.9467856,2113.14721,3525.405086,daatii,t burst,373.0244219,1623.323092,2768.842055,daatii,i,319.7692431,1876.466721,3030.848078,,,,,,,,,,,,,,,,,,,,,,,,,,,,,,,,,,,,,,,,,,,,,
dasach-2,æ,616.4491386,1622.391478,2710.370937,dasach-2,ə,589.7158135,1448.965589,2580.189466,dasach-2,æ,543.5989649,1554.378956,2836.240244,dasach-2,s,1609.733487,2709.272969,3477.576546,dasach-2,_,517.2063711,1320.105401,2760.990532,dasach-2,x,1021.411146,2146.419313,3146.849147,,,,,,,,,,,,,,,,,,,,,,,,,,,,,,,,,,,,,,,,,,,,,
dasach,æ,563.2817628,1596.150773,2764.600352,dasach,ə,569.7254028,1441.971901,2664.24638,dasach,æ,606.1250824,1670.796955,2908.679302,dasach,s,1474.200215,2695.30576,3461.754135,dasach,_,541.464352,1468.480752,2826.669264,dasach,x,985.4473218,2439.740739,3272.988702,,,,,,,,,,,,,,,,,,,,,,,,,,,,,,,,,,,,,,,,,,,,,
datach-2,ə,496.5152523,1682.613343,2740.308924,datach-2,a,675.9044603,1564.001761,2660.654215,datach-2,ə,445.1031954,1505.173809,2279.175987,datach-2,closure,1073.061125,2530.210345,3535.309422,datach-2,t burst,515.7460492,1618.168317,2834.182343,datach-2,a,691.2946527,1532.231957,2440.584913,datach-2,x,841.3975176,1806.437371,3118.000714,,,,,,,,,,,,,,,,,,,,,,,,,,,,,,,,,,,,,,,,
datach-3,ə,463.0353602,1377.930832,2922.038248,datach-3,a,828.1352428,1805.032075,2739.131522,datach-3,ə,454.9027528,1350.124164,3020.91388,datach-3,closure,1289.770327,2649.505995,3562.627351,datach-3,t burst,612.4163079,1923.043966,3053.411535,datach-3,a,663.3351997,1610.271624,2841.601308,datach-3,x,1043.385539,2171.729162,3141.057597,,,,,,,,,,,,,,,,,,,,,,,,,,,,,,,,,,,,,,,,
datach,ə,442.3688729,1535.936608,2785.580353,datach,a,665.8647865,1703.174848,3037.483677,datach,ə,387.02778,1360.541544,2905.717613,datach,closure,653.9858765,1952.667501,3203.887882,datach,t burst,841.3755154,2122.331025,3031.049793,datach,a,635.4842199,1514.750526,2851.537078,datach,x,878.7695629,2303.228519,3429.988814,,,,,,,,,,,,,,,,,,,,,,,,,,,,,,,,,,,,,,,,
datuu-2,æ,625.9781495,1576.260221,2723.872803,datuu-2,u:,349.2113844,1134.205737,2748.340791,datuu-2,æ,513.8621307,1529.108292,2967.165468,datuu-2,_,805.0079974,2110.867095,3275.368707,datuu-2,u,346.2523071,1085.759877,2781.236798,,,,,,,,,,,,,,,,,,,,,,,,,,,,,,,,,,,,,,,,,,,,,,,,,,
datuu-3,æ,637.8570678,1677.834675,2931.385048,datuu-3,u:,456.9619966,1341.756979,2567.359017,datuu-3,æ,548.4071315,1563.02872,2677.046007,datuu-3,closure,1036.818583,2277.104168,3319.366192,datuu-3,t burst,748.1702454,1941.97322,3138.472867,datuu-3,u,389.5202048,1266.87687,2671.024024,,,,,,,,,,,,,,,,,,,,,,,,,,,,,,,,,,,,,,,,,,,,,
datuu,æ,634.8057853,1640.603902,2925.172697,datuu,u:,368.0268801,1056.416775,2556.271962,datuu,æ,479.8944067,1538.079859,2925.417229,datuu,_,953.8148712,2335.975707,3365.697972,datuu,u,356.6587938,1284.676358,2811.924063,,,,,,,,,,,,,,,,,,,,,,,,,,,,,,,,,,,,,,,,,,,,,,,,,,
deasach,i,398.8468659,1938.320928,2915.953304,,,,,,deasach,i,336.1454494,1780.18123,2844.947009,deasach,s,1253.527782,2612.397632,3602.818556,deasach,_,426.4690808,1006.983716,2923.304633,deasach,x,983.2778596,2605.084407,3487.257472,,,,,,,,,,,,,,,,,,,,,,,,,,,,,,,,,,,,,,,,,,,,,
diseach,i,355.1025376,1644.020473,2740.300688,diseach,ə,530.4476101,1263.724342,2535.350878,diseach,closure,313.8072418,2119.485977,3230.438631,diseach,d burst,760.7673155,2083.071581,3225.273475,diseach,i,354.3197907,1782.091434,2907.243345,diseach,_,1037.098836,2287.030802,3082.156772,diseach,_,512.8786109,1408.020614,2625.16908,diseach,x,1112.08199,2516.333555,3409.579515,,,,,,,,,,,,,,,,,,,,,,,,,,,,,,,,,,,
doseach-2,o,505.4558198,1514.138909,2837.565092,doseach-2,ə,578.4300585,1579.70264,2788.445716,doseach-2,closure,1807.70514,2867.683265,3542.0559,doseach-2,d burst,879.2183192,1987.869913,2897.540892,doseach-2,o,491.6876558,1487.963451,2787.83324,doseach-2,_,1583.991714,2339.54873,3406.015034,doseach-2,_,446.6182461,1252.034172,2420.346926,doseach-2,x,1046.45939,2351.194189,3108.770154,,,,,,,,,,,,,,,,,,,,,,,,,,,,,,,,,,,
doseach,o,520.9784509,1432.161945,2562.373487,doseach,ə,403.7134506,1102.111711,2400.535025,doseach,closure,784.1086665,2415.332428,3384.473128,doseach,d burst,671.8635397,1768.050967,3133.524734,doseach,o,446.8851545,1345.811156,2574.925728,doseach,_,1277.397372,2366.469697,3186.764562,doseach,_,486.1575131,1440.302198,2813.661191,doseach,x,921.0600707,1919.981913,3038.206137,,,,,,,,,,,,,,,,,,,,,,,,,,,,,,,,,,,
faasach-2,a:,693.5619268,1627.436634,2636.918186,faasach-2,ə,566.5897009,1348.392518,2417.510858,faasach-2,f,511.5410288,1629.298076,2890.363804,faasach-2,a,584.2992931,1345.129043,2421.771379,faasach-2,s,1363.977275,2624.340836,3526.1733,faasach-2,_,367.8570412,923.2177425,3165.670358,faasach-2,x,979.417473,2681.767679,3402.153271,,,,,,,,,,,,,,,,,,,,,,,,,,,,,,,,,,,,,,,,
faasach-3,a:,513.2131663,1128.012037,2509.149078,faasach-3,ə,647.0140275,1679.17845,3127.507233,faasach-3,f,466.1511539,1881.876735,3038.707339,faasach-3,a,528.6940497,1232.05203,2559.499646,faasach-3,s,1296.552658,2605.849365,3480.873804,faasach-3,_,463.9240318,1125.41765,2677.24746,faasach-3,x,957.9175141,1909.175971,2956.339861,,,,,,,,,,,,,,,,,,,,,,,,,,,,,,,,,,,,,,,,
faasach,a:,618.6895603,1279.725274,2483.849834,faasach,ə,507.9096407,960.3904617,3027.879798,faasach,f,402.3598235,1500.837705,2815.46854,faasach,a,551.2763885,1354.292908,2458.909716,faasach,s,1518.754217,2782.16848,3585.114532,faasach,_,524.9548329,1291.558118,2997.048729,faasach,x,985.0303398,2457.933,3174.593592,,,,,,,,,,,,,,,,,,,,,,,,,,,,,,,,,,,,,,,,
fachtach-2,a,692.8424249,1480.996903,2694.936219,fachtach-2,ə,553.1854322,1376.975897,2353.558034,fachtach-2,f,394.6187257,1365.103506,2867.200537,fachtach-2,a,683.9307532,1509.237537,2822.869761,fachtach-2,x,1223.993896,2458.323055,3208.620401,fachtach-2,closure,1588.761633,2678.763063,3545.274203,fachtach-2,t burst,585.9609478,1695.763492,2997.96185,fachtach-2,_,462.6598987,1225.433641,2483.52466,fachtach-2,x,1027.213327,2482.506891,3378.346958,,,,,,,,,,,,,,,,,,,,,,,,,,,,,,
fachtach-3,a,576.5653123,1297.556802,2954.710584,fachtach-3,ə,518.6248642,861.6312238,2095.918146,fachtach-3,f,511.1014486,1703.916249,2859.0373,fachtach-3,a,716.1348248,1437.613329,2789.366067,fachtach-3,x,1110.848066,2213.566496,3076.459702,fachtach-3,closure,1302.947164,2581.864916,3433.422582,fachtach-3,t burst,587.854058,1696.595889,2979.996076,fachtach-3,_,583.2003352,1309.013276,2727.055459,fachtach-3,x,1075.646698,2195.735287,3133.332813,,,,,,,,,,,,,,,,,,,,,,,,,,,,,,
fachtach,a,610.1497349,1286.312058,2651.854155,fachtach,ə,569.3194481,1565.744749,2841.846802,fachtach,f,419.7272893,1506.791691,2690.621017,fachtach,a,556.5033933,1309.696571,2495.202601,fachtach,x,1226.137552,2262.659407,3276.172314,fachtach,closure,1212.772534,2238.222743,3180.18243,fachtach,t burst,811.5442886,1837.570554,2907.2292,fachtach,_,522.5858604,1175.521421,2430.806411,fachtach,x,962.7571268,2198.116486,3210.664315,,,,,,,,,,,,,,,,,,,,,,,,,,,,,,
fatach-2,a,607.7422605,1475.863341,2672.339002,fatach-2,ə,631.5007977,1789.798994,2844.357051,fatach-2,f,535.962153,1530.61127,2835.976852,fatach-2,a,582.9603716,1569.312723,2897.10404,fatach-2,closure,719.8047576,2396.663166,3243.152534,fatach-2,t burst,406.7953316,1807.987563,2701.412743,fatach-2,_,484.0782935,1254.841674,2560.069125,fatach-2,x,864.298683,1938.591583,3059.824129,,,,,,,,,,,,,,,,,,,,,,,,,,,,,,,,,,,
fatach-3,a,585.807283,1520.636375,2556.563513,fatach-3,ə,604.1354207,1734.090069,2915.767362,fatach-3,f,552.549443,1755.014979,2878.858711,fatach-3,a,545.3482388,1755.557932,3003.299845,fatach-3,closure,1128.784063,2586.540426,3320.176021,fatach-3,t burst,441.3896546,1817.04727,2680.579466,fatach-3,_,498.9853745,1322.491754,2457.406874,fatach-3,x,962.094966,1953.134011,2688.491279,,,,,,,,,,,,,,,,,,,,,,,,,,,,,,,,,,,
fatach,a,533.6247526,1516.610808,2833.241191,fatach,ə,614.365273,1567.926307,2828.156237,fatach,f,376.5697734,1570.34069,2911.285681,fatach,a,512.1972163,1545.966345,2746.062047,fatach,closure,1000.296336,2489.713973,3223.941914,fatach,t burst,1121.986203,2304.537425,3223.804525,fatach,_,573.7131852,1468.870171,2724.087712,fatach,x,1051.702389,2257.012232,3194.736408,,,,,,,,,,,,,,,,,,,,,,,,,,,,,,,,,,,
fosuu-2,ə,617.1060022,1479.028328,2539.304868,fosuu-2,u:,360.4747718,1148.602638,2754.701817,fosuu-2,_,471.3544808,1464.118369,2744.069361,fosuu-2,s,1356.489235,2614.624629,3507.149568,fosuu-2,u,366.4694892,1249.81378,2589.703317,,,,,,,,,,,,,,,,,,,,,,,,,,,,,,,,,,,,,,,,,,,,,,,,,,
fosuu-3,ə,570.1869558,1656.877644,2623.6408,fosuu-3,u:,385.3349578,1333.482455,2693.071959,fosuu-3,_,547.4745628,1435.723202,2635.043619,fosuu-3,s,1276.251936,2520.839736,3445.135457,fosuu-3,u,386.2037441,1267.201261,2512.413925,,,,,,,,,,,,,,,,,,,,,,,,,,,,,,,,,,,,,,,,,,,,,,,,,,
fosuu,ə,450.5035793,1320.339903,2662.513818,fosuu,u:,288.7049663,1252.749256,2588.866907,fosuu,_,464.3782394,1394.99531,2591.669027,fosuu,s,1431.829443,2661.198516,3604.967937,fosuu,u,351.6071586,1171.500961,2742.118651,,,,,,,,,,,,,,,,,,,,,,,,,,,,,,,,,,,,,,,,,,,,,,,,,,
gaafach-2,a:,477.936827,1366.628015,2437.463789,gaafach-2,ə,526.9476273,1224.114765,2507.37926,gaafach-2,closure,370.3526143,1395.133346,2637.289424,gaafach-2,g burst,713.3902627,1568.281487,2931.698805,gaafach-2,a,476.4352845,1450.936056,2541.099447,gaafach-2,f,371.9745504,1277.661992,2639.286326,gaafach-2,_,569.5726784,1340.55725,2678.792875,gaafach-2,x,964.0550577,2434.44865,3364.214859,,,,,,,,,,,,,,,,,,,,,,,,,,,,,,,,,,,
gaafach-3,a:,595.949204,1557.546289,2605.891775,gaafach-3,ə,618.4527732,1620.700945,2740.657797,gaafach-3,closure,567.045561,1441.481083,2691.49681,gaafach-3,g burst,766.7759435,1510.841689,2822.993001,gaafach-3,a,679.1552032,1405.360553,2694.834664,gaafach-3,f,520.3466091,1809.178748,2885.208598,gaafach-3,_,730.3694724,2022.584882,3325.722053,gaafach-3,x,838.2530915,2104.461552,3327.284068,,,,,,,,,,,,,,,,,,,,,,,,,,,,,,,,,,,
gaafach,a:,539.917618,1356.519354,2629.220659,gaafach,ə,569.3640204,1051.274802,2534.536203,gaafach,closure,547.9160092,1724.769771,2981.458377,gaafach,g burst,496.9537444,1184.625079,2897.120131,gaafach,a,565.8081005,1158.573623,2636.009481,gaafach,f,421.8405533,1661.488391,2823.628202,gaafach,_,511.9408411,1169.853068,2693.437253,gaafach,x,928.1548089,2305.576825,3446.971563,,,,,,,,,,,,,,,,,,,,,,,,,,,,,,,,,,,
gachtoo-2,a,567.4749974,1458.523228,2747.936512,gachtoo-2,o:,466.5084927,1336.292933,2681.335452,gachtoo-2,g burst,816.4725084,1711.145328,2874.613063,gachtoo-2,a,716.5424736,1739.571122,2905.341187,gachtoo-2,x,1065.874641,2523.2099,3258.04681,gachtoo-2,closure,1102.362135,2522.085481,3435.667887,gachtoo-2,t burst,441.068839,1678.356031,2795.821158,gachtoo-2,o,426.6343704,1168.930974,2630.416952,,,,,,,,,,,,,,,,,,,,,,,,,,,,,,,,,,,
gachtoo-3,a,697.0509327,1614.64949,2798.399942,gachtoo-3,o:,518.8295072,1257.209996,2372.765719,gachtoo-3,g burst,631.1429389,1481.373339,2890.059829,gachtoo-3,a,702.455239,1598.308838,2738.708466,gachtoo-3,x,970.9963623,2382.668621,3146.603951,gachtoo-3,closure,1007.879247,2291.733463,3418.41678,gachtoo-3,t burst,409.9487615,1455.232806,2906.713881,gachtoo-3,o,419.6522914,1127.706963,2638.493971,,,,,,,,,,,,,,,,,,,,,,,,,,,,,,,,,,,
gachtoo,a,505.3919943,1452.608189,2904.866157,gachtoo,o:,403.0912363,1020.712443,2741.128761,gachtoo,g burst,666.8868813,1395.23613,2893.714791,gachtoo,a,644.6759048,1499.216893,2710.956029,gachtoo,x,878.823883,2042.732864,3168.181421,gachtoo,closure,1129.66148,2462.613882,3476.714807,gachtoo,t burst,465.8296193,1565.390971,2750.119191,gachtoo,o,434.0917287,955.4995604,3034.33553,,,,,,,,,,,,,,,,,,,,,,,,,,,,,,,,,,,
gotach-2,ə,453.3669716,1593.067392,2936.946029,gotach-2,a,768.3157461,1606.803404,2770.694582,gotach-2,closure,715.3700398,1858.911268,2935.252701,gotach-2,g burst,633.6405277,1504.885042,2927.183651,gotach-2,_,424.747916,1404.3153,2857.004213,gotach-2,closure,887.2803965,2280.452151,3327.331743,gotach-2,t burst,672.2278039,1799.787345,3097.183786,gotach-2,a,692.6769302,1745.744076,2941.164919,gotach-2,x,1076.51746,2240.702442,2989.564203,,,,,,,,,,,,,,,,,,,,,,,,,,,,,,
gotach-3,ə,514.8926715,1612.898714,3074.215322,gotach-3,a,703.7504028,1613.743557,2895.520504,gotach-3,closure,699.2025924,1545.342829,2633.779753,gotach-3,g burst,727.4942893,1421.321898,2725.839302,gotach-3,_,561.1971143,1664.774072,3085.921346,gotach-3,closure,1245.327225,2634.450413,3600.195818,gotach-3,t burst,391.1699946,1625.948417,3022.960981,gotach-3,a,665.4531592,1546.268959,2811.68043,gotach-3,x,1096.065304,2614.536854,3443.669909,,,,,,,,,,,,,,,,,,,,,,,,,,,,,,
gotach,ə,413.5183094,1467.527895,3026.437276,gotach,a,730.4052469,1590.061708,2903.551095,gotach,g burst,736.1182683,1398.093262,2872.414371,gotach,_,444.6404286,1412.719495,2696.796165,gotach,closure,792.4610482,2236.934374,3297.754905,gotach,t burst,375.252217,1566.609035,2970.151189,gotach,a,644.4375036,1483.346467,2655.042581,gotach,x,1090.614741,2641.766192,3508.195423,,,,,,,,,,,,,,,,,,,,,,,,,,,,,,,,,,,
haca-2,a,621.9296585,1454.678358,2519.868357,haca-2,ə,393.4726977,1395.284789,2735.351574,haca-2,a,566.5494838,1520.487603,2367.961695,haca-2,closure,730.005284,1723.124659,3125.87864,haca-2,k burst,772.3905188,1521.613791,2995.422668,haca-2,_,382.1066351,1261.857835,2667.299831,,,,,,,,,,,,,,,,,,,,,,,,,,,,,,,,,,,,,,,,,,,,,
haca-3,a,610.2369784,1183.636644,2843.236574,haca-3,ə,460.0272983,1475.823713,2672.596876,haca-3,a,681.8262565,1513.369351,2765.143165,haca-3,closure,787.2134756,1783.644882,3184.200839,haca-3,k burst,988.496497,1573.791849,2982.693302,haca-3,_,704.9748517,1973.35647,3024.47029,,,,,,,,,,,,,,,,,,,,,,,,,,,,,,,,,,,,,,,,,,,,,
haca,a,510.975469,1456.292273,2683.237346,haca,ə,433.9644218,1601.065841,2971.876734,haca,a,566.5134136,1499.931749,2802.752801,haca,closure,745.6932793,1518.735916,2960.059014,haca,k burst,757.4875777,1502.838794,2927.457695,haca,_,426.9370097,1403.408451,2799.995305,,,,,,,,,,,,,,,,,,,,,,,,,,,,,,,,,,,,,,,,,,,,,
hitach-2,i,296.7112594,1546.328541,3025.727999,hitach-2,ə,718.4407312,1667.423538,2855.274909,hitach-2,h,596.9858698,2055.697895,2784.08848,hitach-2,i,327.4642608,1598.536786,2741.823145,hitach-2,closure,1366.205575,2522.707428,3297.909408,hitach-2,t burst,686.25585,1991.402198,2876.309244,hitach-2,_,566.0009148,1365.186014,2543.939094,hitach-2,x,996.9142359,2419.665263,3415.442898,,,,,,,,,,,,,,,,,,,,,,,,,,,,,,,,,,,
hitach-3,i,338.4215785,1796.911688,2991.157033,hitach-3,ə,596.5599317,1625.799807,2940.865052,hitach-3,h,532.651266,1971.209264,2783.982164,hitach-3,i,372.1016108,1428.303968,2733.233474,hitach-3,closure,1317.512613,2619.913083,3246.013403,hitach-3,t burst,604.9254681,1745.757185,2710.158921,hitach-3,_,558.1357452,1370.638515,2638.277059,hitach-3,x,1028.988854,2116.524408,2973.937351,,,,,,,,,,,,,,,,,,,,,,,,,,,,,,,,,,,
hitach,i,287.4059281,1875.998543,2541.180869,hitach,ə,576.4150241,1418.566674,2628.703055,hitach,h,988.7149392,2304.040298,3066.375667,hitach,i,304.2696181,1731.577839,2516.939209,hitach,closure,1623.164058,2611.586047,3446.891169,hitach,t burst,923.8825175,2053.247422,2935.810727,hitach,_,581.3143955,1385.352001,2652.731647,hitach,x,1017.264551,2284.883248,3300.185579,,,,,,,,,,,,,,,,,,,,,,,,,,,,,,,,,,,
huutach-2,u:,528.2976797,1425.492406,2398.825349,huutach-2,ə,670.2220297,1588.789952,2821.475017,huutach-2,h,279.266428,1037.628693,2409.364222,huutach-2,u,400.7422517,1356.713131,2585.149596,huutach-2,closure,1165.286251,2510.878643,3537.313407,huutach-2,t burst,793.5617404,2015.301098,3102.870753,huutach-2,_,560.4056596,1342.460348,2644.785578,huutach-2,x,953.2601976,2573.525115,3525.904458,,,,,,,,,,,,,,,,,,,,,,,,,,,,,,,,,,,
huutach-3,u:,565.589193,1355.284588,2446.375222,huutach-3,ə,661.9443219,1653.671454,2783.91382,huutach-3,h,554.6142048,1872.997887,3194.467529,huutach-3,u,425.2154175,1246.442098,2693.632669,huutach-3,closure,852.7815284,2159.411777,3331.586651,huutach-3,t burst,833.1280861,1979.561045,3161.377124,huutach-3,_,509.1799803,1267.877459,2623.786966,huutach-3,x,951.5883567,2247.201498,3031.095508,,,,,,,,,,,,,,,,,,,,,,,,,,,,,,,,,,,
huutach,u:,370.0978931,1204.53768,2678.667586,huutach,ə,519.2642807,1316.828935,2363.039649,huutach,h,248.3770757,987.2027441,2703.07138,huutach,u,364.5606378,1134.879598,2462.521855,huutach,closure,1313.484175,2639.04354,3708.179161,huutach,t burst,1009.020191,2288.772838,3486.445526,huutach,_,566.399065,1314.839299,2679.257836,huutach,x,969.6596124,2214.875685,3330.429831,,,,,,,,,,,,,,,,,,,,,,,,,,,,,,,,,,,
leachtach-2,a,730.5985367,1669.290824,2850.04895,leachtach-2,ə,1296.79333,2519.597345,3461.136436,leachtach-2,_,632.3074549,1577.615159,2583.435596,leachtach-2,x,994.6153325,2279.403581,3183.232853,leachtach-2,l_,350.1221891,1268.434603,2885.986981,leachtach-2,a,561.0889103,1377.320788,2676.467976,leachtach-2,x,871.0008876,2209.082957,3269.763756,leachtach-2,closure,1459.865942,2767.621787,3641.724831,leachtach-2,t burst,350.5938725,1464.774847,2822.710945,leachtach-2,_,572.8764707,1309.948241,2736.206462,leachtach-2,x,999.8292737,2232.095018,3119.940744,,,,,,,,,,,,,,,,,,,,
leachtach-3,æ,792.7958779,1616.724098,2508.951701,leachtach-3,ə,564.8164161,1565.740269,2859.333086,leachtach-3,x,969.5533276,2115.516194,3119.397826,leachtach-3,l,381.4291229,1413.892061,2554.61753,leachtach-3,�,786.7663706,1851.890652,3002.306452,leachtach-3,x,881.3137252,1901.665517,3069.010743,leachtach-3,closure,1266.620863,2751.602603,3572.278429,leachtach-3,t burst,346.223969,1391.869692,2973.135956,leachtach-3,_,554.2284717,1392.540145,2687.442712,leachtach-3,x,892.537514,2169.815906,3108.987437,,,,,,,,,,,,,,,,,,,,,,,,,
leachtach,æ,646.3054734,1582.013048,2762.620258,leachtach,ə,643.9422941,1568.670442,2841.672169,leachtach,x,907.961543,1965.089627,3056.375189,leachtach,l,325.4771825,1332.7869,2821.510249,leachtach,�,648.6597987,1558.319952,2963.569988,leachtach,x,930.4088562,2106.35855,3227.445135,leachtach,closure,984.2798015,2505.686675,3517.586943,leachtach,t burst,586.4135933,1665.340031,3021.502988,leachtach,_,415.202595,1050.178917,2514.100182,leachtach,x,894.9959864,2263.033028,3294.698603,,,,,,,,,,,,,,,,,,,,,,,,,
paapa-2,a,623.0967488,1157.24315,2225.47253,paapa-2,ə,463.0434183,1345.050682,2601.541232,paapa-2,closure,1266.675565,2296.573572,3550.787861,paapa-2,p burst,644.0054372,1613.87325,2975.521009,paapa-2,a,677.6323377,1176.205035,2238.748447,paapa-2,closure,702.2146112,1661.567665,3119.187536,paapa-2,p burst,697.3661729,1981.319623,3428.453379,paapa-2,_,494.3298253,1227.556638,2732.388753,,,,,,,,,,,,,,,,,,,,,,,,,,,,,,,,,,,
paapa-3,a,682.0989798,1440.005647,2643.560661,paapa-3,ə,500.1603882,1264.962645,2682.285313,paapa-3,closure,564.7238745,1694.423612,3073.139618,paapa-3,p burst,612.2334669,1956.614507,2925.650024,paapa-3,a,601.8663557,1396.004665,2515.230519,paapa-3,closure,760.8640162,1763.485239,3205.015549,paapa-3,p burst,665.9968411,2085.715927,3051.01635,paapa-3,_,500.3985549,1545.797644,2850.972779,,,,,,,,,,,,,,,,,,,,,,,,,,,,,,,,,,,
paapa,a,718.4180466,1433.377236,2655.900193,paapa,ə,561.6767524,1392.085862,2710.911626,paapa,closure,534.8333357,1845.020033,3201.192431,paapa,p burst,741.9119635,1998.920177,3105.10785,paapa,a,598.4407888,1416.049241,2391.370443,paapa,closure,669.1260695,1610.524158,3184.989351,paapa,p burst,614.2748697,1521.673549,2869.073378,paapa,_,412.9591339,1064.615541,2760.757943,,,,,,,,,,,,,,,,,,,,,,,,,,,,,,,,,,,
paatii-2,a,702.598855,1681.662441,2648.634874,paatii-2,i:,849.391872,2106.836341,3187.310787,paatii-2,i,310.5239598,2091.369832,3016.401688,paatii-2,closure,580.1162766,2003.886915,3249.720389,paatii-2,p burst,532.7287631,1736.11715,2949.842632,paatii-2,a,594.601831,1402.290621,2575.644726,paatii-2,_,806.7001535,2167.719061,3316.738876,paatii-2,i,329.1550195,1763.216699,2842.227822,,,,,,,,,,,,,,,,,,,,,,,,,,,,,,,,,,,
paatii-3,a,688.8683427,1545.624618,2470.708491,paatii-3,i:,317.3180701,2081.429075,3191.098165,paatii-3,closure,747.9727107,1908.09592,3198.392483,paatii-3,p burst,611.9054397,1985.214468,3075.966684,paatii-3,a,649.352074,1509.715468,2567.106574,paatii-3,_,887.1109787,2275.061907,3326.488097,paatii-3,i,319.3403166,1845.538973,3032.1269,,,,,,,,,,,,,,,,,,,,,,,,,,,,,,,,,,,,,,,,
paatii,a,626.2008402,1306.887356,2568.432119,paatii,i:,301.9042177,2073.298989,3110.066882,paatii,closure,741.5269237,1825.786051,3068.647557,paatii,p burst,580.4570043,1916.338133,3030.329871,paatii,a,582.9113656,1185.397238,2711.777064,paatii,closure,956.4507629,2450.049577,3401.107514,paatii,t burst,990.0993596,2269.021161,3475.004169,paatii,i,321.1579048,2035.689749,2866.085468,,,,,,,,,,,,,,,,,,,,,,,,,,,,,,,,,,,
pachta-2,a,951.4797319,2025.205925,3230.377324,pachta-2,ə,647.3010552,1774.816639,2988.978936,pachta-2,closure,484.3035087,1674.732968,3270.686047,pachta-2,p burst,367.892887,1424.115043,2668.24237,pachta-2,a,741.121795,1645.254968,2791.982491,pachta-2,x,800.9632816,2147.33176,3039.305323,pachta-2,closure,1179.66355,2695.033692,3674.503647,pachta-2,t burst,401.4668043,1494.784278,2725.361803,pachta-2,_,554.9250584,1532.420891,2900.352787,,,,,,,,,,,,,,,,,,,,,,,,,,,,,,
pachta-3,a,837.9869898,1708.110293,2932.360986,pachta-3,ə,668.7007363,1669.166731,2801.49792,pachta-3,closure,310.3323368,1545.686343,2935.488396,pachta-3,p burst,507.9858279,1864.129024,3024.358821,pachta-3,a,720.5189186,1696.563643,2744.675816,pachta-3,x,935.1581737,1992.237296,2989.673163,pachta-3,_,1161.444791,2403.209968,3439.015272,pachta-3,_,585.4101096,1689.059811,2964.114078,,,,,,,,,,,,,,,,,,,,,,,,,,,,,,,,,,,
pachta,a,781.1006545,1775.138783,3158.960864,pachta,ə,496.4835919,1440.867016,2720.324171,pachta,closure,254.5487356,1536.425914,2895.723904,pachta,p burst,733.6030308,1918.923297,2952.930949,pachta,a,711.0226524,1558.527764,2909.039824,pachta,x,1194.816082,2229.579068,3201.982906,pachta,closure,1241.90181,2437.933544,3345.00743,pachta,t burst,859.5578825,2071.317422,3278.884428,pachta,_,391.5177829,1442.126082,2756.359879,,,,,,,,,,,,,,,,,,,,,,,,,,,,,,
pachtach-2,a,674.6865917,1217.110731,2653.932377,pachtach-2,ə,571.3106742,1538.777525,2733.490533,pachtach-2,x,944.9031309,2059.092314,3099.128864,pachtach-2,closure,510.1790903,1800.260809,3222.635767,pachtach-2,p burst,543.9152563,1606.588594,2887.710417,pachtach-2,a,857.9623785,1837.253502,2996.692268,pachtach-2,x,940.9440848,2202.255518,3047.44939,pachtach-2,closure,1200.877969,2408.337308,3396.502107,pachtach-2,t burst,944.9156231,2212.972118,3632.9321,pachtach-2,_,634.4138609,1679.331074,2769.207339,pachtach-2,x/breathiness,1066.826487,2595.865316,3229.931707,,,,,,,,,,,,,,,,,,,,
pachtach-3,a,763.6730809,1580.223359,2792.582799,pachtach-3,ə,649.7391847,1594.128003,2502.83406,pachtach-3,x,1009.236989,2204.035303,3043.703992,pachtach-3,closure,530.9995094,1690.442951,3224.265437,pachtach-3,p burst,703.0670518,2086.678662,3136.463217,pachtach-3,a,790.9123274,1720.013293,3044.797521,pachtach-3,x,872.9466635,1768.425781,2952.613984,pachtach-3,_,1270.282076,2627.310797,3507.575984,pachtach-3,_,461.500851,1270.846929,2449.7115,pachtach-3,x,955.0959333,1912.148776,2842.549145,,,,,,,,,,,,,,,,,,,,,,,,,
pachtach,a,807.1428035,2108.838929,3020.540236,pachtach,ə,515.7569672,1142.326825,2671.549885,pachtach,x,923.9867963,2333.577723,3328.512514,pachtach,closure,846.2150212,2215.555736,3444.846781,pachtach,p burst,609.9726418,1961.813794,3069.599962,pachtach,a,666.152342,1538.252879,2806.879824,pachtach,x,1153.965698,2588.179624,3291.59265,pachtach,closure,767.0523847,2172.051025,3390.482299,pachtach,t burst,767.7801784,1627.557338,2979.017034,pachtach,_,440.8936698,1222.076502,2650.695575,pachtach,x,940.8099135,2174.557003,2782.398787,,,,,,,,,,,,,,,,,,,,
pachtii-2,a,818.4867255,1534.615486,2626.626966,pachtii-2,i:,1014.859008,2421.603819,3533.873252,pachtii-2,i,329.4418378,1996.508546,2829.92701,pachtii-2,closure,315.3786833,1503.919383,2819.658062,pachtii-2,p burst,644.1287025,1907.060752,3123.044596,pachtii-2,a,709.9386671,1594.375844,2504.625291,pachtii-2,x,758.5800974,1498.113002,2897.129628,pachtii-2,_,1279.819487,2590.689745,3458.285634,pachtii-2,i,377.5749409,1541.251893,2792.839626,,,,,,,,,,,,,,,,,,,,,,,,,,,,,,
pachtii-3,a,752.6314733,1546.269921,2687.871698,pachtii-3,i:,1417.357925,2653.265673,3627.948637,pachtii-3,i,299.6573715,1790.601995,2676.39546,pachtii-3,closure,415.3222038,1674.992211,3096.64443,pachtii-3,p burst,458.5313664,1626.712642,2840.275054,pachtii-3,a,609.1501466,1481.274787,2644.393945,pachtii-3,x,893.0065552,1986.02641,3062.57094,pachtii-3,closure,1638.300823,2627.398227,3590.632652,pachtii-3,t burst,1094.312803,2298.803552,3340.492414,pachtii-3,i,351.1876786,1912.582403,2831.069436,,,,,,,,,,,,,,,,,,,,,,,,,
pachtii,a,600.8454253,1303.41689,2455.145041,pachtii,i:,355.1057411,1798.220483,2892.550271,pachtii,closure,548.4610635,1821.450336,3081.171723,pachtii,p burst,846.98608,2160.64045,3167.988085,pachtii,a,709.754502,1491.019888,2900.935863,pachtii,x,839.6166301,2055.769151,3074.905895,pachtii,closure,953.2487909,2460.135494,3534.775186,pachtii,t burst,374.4885015,1611.113633,3033.197083,pachtii,i,355.849195,1803.199244,2808.446865,,,,,,,,,,,,,,,,,,,,,,,,,,,,,,
piisa-2,i:,248.8997546,1957.983235,2972.254059,piisa-2,ə,401.721016,1260.342353,2767.294993,piisa-2,closure,442.7153235,1752.161247,3070.411151,piisa-2,p burst,372.6013548,1840.612884,2760.329268,piisa-2,i,262.7305265,2087.99024,3038.489618,piisa-2,s,1638.317262,2764.370943,3906.274743,piisa-2,_,395.6158674,1301.53907,2795.417919,,,,,,,,,,,,,,,,,,,,,,,,,,,,,,,,,,,,,,,,
piisa-3,i:,254.0335791,2092.073796,2725.179601,piisa-3,ə,410.8350155,1364.093199,2789.719499,piisa-3,closure,670.5625747,1734.811798,3069.644829,piisa-3,p burst,681.0566802,2034.488643,2874.925098,piisa-3,i,297.5633738,1868.171134,2980.338879,piisa-3,s,1527.769078,2679.134688,3562.982143,piisa-3,_,328.1485103,1271.141278,2706.088682,,,,,,,,,,,,,,,,,,,,,,,,,,,,,,,,,,,,,,,,
piisa,i:,235.1313104,2115.243844,3106.466621,piisa,ə,399.0389518,1209.020342,2987.086409,piisa,closure,672.3936395,1976.533564,3238.098708,piisa,p burst,543.6761396,1874.742851,2608.62244,piisa,i,284.1108121,1849.667948,3016.803548,piisa,s,821.4641227,2216.832855,3313.573003,piisa,_,238.1674762,1312.310319,2674.002631,,,,,,,,,,,,,,,,,,,,,,,,,,,,,,,,,,,,,,,,
pooca-2,o:,587.4603393,1605.988828,2558.20997,pooca-2,ə,464.3714072,1306.784289,2685.549106,pooca-2,closure,868.4050858,2057.151143,3282.868313,pooca-2,p burst,608.7402084,1604.973493,2858.57123,pooca-2,o,526.7678486,1596.885817,2333.802567,pooca-2,closure,699.7026268,1901.332569,3351.007263,pooca-2,k burst,996.7897909,1492.221367,3173.343887,pooca-2,_,416.0183323,1166.336235,2709.180249,,,,,,,,,,,,,,,,,,,,,,,,,,,,,,,,,,,
pooca-3,o:,544.6100202,1571.626462,2696.016353,pooca-3,ə,381.0494514,1386.326658,2750.496858,pooca-3,closure,391.7342895,1552.308682,2894.455811,pooca-3,p burst,511.7787849,1507.272429,2782.831258,pooca-3,o,516.3250566,1358.914059,2446.411546,pooca-3,closure,739.9713852,1763.542315,3283.646426,pooca-3,k burst,694.9388054,1538.245167,3084.750265,pooca-3,_,411.2561433,1271.193468,2820.289576,,,,,,,,,,,,,,,,,,,,,,,,,,,,,,,,,,,
pooca,o:,489.8578425,1425.482356,2827.408073,pooca,ə,474.7665061,1222.557177,2832.581408,pooca,closure,1260.195865,2369.260962,3659.225802,pooca,p burst,390.8598956,1376.478072,2849.053395,pooca,o,433.3063472,1112.88223,2350.053013,pooca,closure,780.9814331,2374.54687,3502.949484,pooca,k burst,654.8059061,1430.583738,2909.440822,pooca,_,445.6411223,1150.872081,2841.314558,,,,,,,,,,,,,,,,,,,,,,,,,,,,,,,,,,,
pota-2,ə,675.0279527,1484.29597,2676.784068,pota-2,ə,474.7334669,1465.480699,2585.853111,pota-2,closure,685.7604259,1913.470159,3107.239073,pota-2,p burst,958.8069984,2299.53024,3371.775287,pota-2,_,517.7367207,1370.485333,2621.443232,pota-2,closure,1282.452067,2504.129297,3482.378469,pota-2,t burst,907.4398745,2184.233501,3497.095484,pota-2,_,402.1799373,1495.944913,2809.479218,,,,,,,,,,,,,,,,,,,,,,,,,,,,,,,,,,,
pota-3,ə,580.7903241,1539.315097,2619.630296,pota-3,ə,464.4722028,1418.454666,2675.714909,pota-3,closure,503.2288301,1538.404154,3001.914983,pota-3,p burst,781.1981031,2150.881764,3394.715049,pota-3,_,501.0394334,1439.221696,2791.293166,pota-3,closure,921.2149743,2216.535975,3222.033264,pota-3,t burst,900.7530544,2149.268054,3340.69736,pota-3,_,419.1617103,1556.687638,2912.778624,,,,,,,,,,,,,,,,,,,,,,,,,,,,,,,,,,,
pota,ə,547.5158109,1576.056919,2928.332202,pota,ə,500.5162179,1469.95996,2764.54841,pota,closure,360.9981872,1797.80731,2931.882447,pota,p burst,440.9446662,1530.429192,2777.487769,pota,_,498.0130086,1286.394208,2616.628485,pota,_,694.6838962,2102.264027,3258.922793,pota,_,429.0023924,1390.190277,2936.388342,,,,,,,,,,,,,,,,,,,,,,,,,,,,,,,,,,,,,,,,
saasuu-2,a:,580.8216106,1427.840946,2616.888648,saasuu-2,u:,330.1393488,1085.125241,2663.211346,saasuu-2,s,1200.128896,2579.182329,3544.525686,saasuu-2,a,488.2604577,1325.826937,2326.842593,saasuu-2,s,1398.89217,2592.757025,3476.629193,saasuu-2,u,404.1237162,1330.318603,2613.753089,,,,,,,,,,,,,,,,,,,,,,,,,,,,,,,,,,,,,,,,,,,,,
saasuu-3,a:,446.2762203,1135.442451,2732.303792,saasuu-3,u:,368.9402105,1161.802621,2539.976563,saasuu-3,s,1434.181569,2615.825214,3377.261195,saasuu-3,a,601.8314404,1491.944249,2530.716028,saasuu-3,s,1581.263468,2695.272518,3578.601708,saasuu-3,u,364.7968441,1283.185832,2526.306877,,,,,,,,,,,,,,,,,,,,,,,,,,,,,,,,,,,,,,,,,,,,,
saasuu,a:,478.1669339,1168.114728,2453.984143,saasuu,u:,349.3805831,970.6965723,2811.233024,saasuu,s,1027.16541,2342.754776,3302.557669,saasuu,a,536.4842436,1442.761518,2605.34184,saasuu,s,1571.639166,2651.563281,3505.31666,saasuu,u,360.5500033,1110.1044,2710.452798,,,,,,,,,,,,,,,,,,,,,,,,,,,,,,,,,,,,,,,,,,,,,
satii-2,a,614.4269224,1369.02902,2582.767334,satii-2,i:,351.5243818,2082.632133,3083.430514,satii-2,s,1661.849965,2640.010251,3642.253009,satii-2,a,610.7344745,1374.25476,2481.104922,satii-2,closure,917.8097564,2280.341698,3388.3397,satii-2,t burst,481.5918518,1816.854433,3020.646509,satii-2,i,338.6535573,1990.765554,3176.140704,,,,,,,,,,,,,,,,,,,,,,,,,,,,,,,,,,,,,,,,
satii-3,a,584.7167202,1469.356773,2697.676549,satii-3,i:,295.3895976,1942.712867,2909.838094,satii-3,s,1167.147993,2476.696654,3359.760108,satii-3,a,604.8784575,1350.094996,2880.829608,satii-3,closure,1282.918108,2789.285707,3683.104394,satii-3,t burst,669.7981851,2042.372608,3073.833484,satii-3,i,309.4670124,1956.433887,2959.006449,,,,,,,,,,,,,,,,,,,,,,,,,,,,,,,,,,,,,,,,
satii,a,573.1657631,1480.906047,2723.138218,satii,i:,308.3911689,2001.297435,3100.643467,satii,s,1075.622635,2412.420751,3414.062844,satii,a,560.0779342,1570.3921,2652.691607,satii,closure,880.413602,2172.994241,3427.208591,satii,t burst,284.8693961,1636.608586,2923.343321,satii,i,301.6194313,1975.302048,2851.902528,,,,,,,,,,,,,,,,,,,,,,,,,,,,,,,,,,,,,,,,
seaapach-2,a:,625.3275704,1503.953539,2601.753592,seaapach-2,ə,761.5662653,2027.815111,3245.81182,seaapach-2,x,917.3722195,1961.053947,3145.118409,seaapach-2,_,1497.827287,2557.288329,3411.966847,seaapach-2,a,545.950157,1486.591559,2572.958924,seaapach-2,closure,630.5596443,1457.708567,2908.174557,seaapach-2,p burst,666.1734707,1745.71541,2869.792332,seaapach-2,_,588.5964405,1409.137265,2923.946735,seaapach-2,x,997.5576916,2576.655311,3442.959455,,,,,,,,,,,,,,,,,,,,,,,,,,,,,,
seaapach-3,a:,604.9383126,1357.93723,2505.486609,seaapach-3,ə,543.4802419,1230.51611,2894.005603,seaapach-3,x,866.7488374,2323.216733,3416.795501,seaapach-3,_,1690.946353,2690.205775,3577.379276,seaapach-3,a,512.7345749,1297.356853,2608.246096,seaapach-3,closure,677.0820702,1452.60434,3060.776339,seaapach-3,p burst,773.251483,1777.009683,3085.116415,seaapach-3,_,583.8702117,1070.817326,2822.361088,seaapach-3,x,861.1931502,2241.072438,3292.622474,,,,,,,,,,,,,,,,,,,,,,,,,,,,,,
seaapach,a:,618.783035,1483.591379,2570.990922,seaapach,ə,688.6306468,1729.601225,2982.146857,seaapach,x,925.6852794,2350.956818,3436.444747,seaapach,_,1016.070954,2214.994552,3115.869693,seaapach,a,514.4659839,1370.639683,2293.528171,seaapach,closure,692.4713425,1926.25582,3367.807822,seaapach,p burst,362.6691235,1220.724544,2638.614372,seaapach,_,506.4968405,1123.546918,2874.149542,seaapach,x,861.5978458,2450.36728,3481.009016,,,,,,,,,,,,,,,,,,,,,,,,,,,,,,
seachpa-2,a,606.7168622,1645.365767,2874.600581,seachpa-2,ə,747.046509,1745.840292,2778.460715,seachpa-2,_,1556.923382,2551.170177,3399.945818,seachpa-2,_,664.2835041,1690.030058,2873.833376,seachpa-2,x,916.4990166,1950.125471,3075.984955,seachpa-2,closure,1084.661085,2312.69532,3507.600081,seachpa-2,p burst,468.0872719,1383.750117,2624.608213,seachpa-2,_,400.6454,1333.188502,2703.628872,,,,,,,,,,,,,,,,,,,,,,,,,,,,,,,,,,,
seachpa-3,a,633.0425348,1545.156014,2614.069004,seachpa-3,ə,700.751347,1631.22604,2763.006165,seachpa-3,_,1729.436998,2608.291201,3422.439279,seachpa-3,a,721.9624936,1707.52126,2937.365447,seachpa-3,x,892.7981602,1623.509276,2874.736882,seachpa-3,closure,814.1718151,1973.831926,3093.499414,seachpa-3,p burst,249.3348682,1172.588724,2452.695645,seachpa-3,_,633.5367032,1575.961669,2900.281114,,,,,,,,,,,,,,,,,,,,,,,,,,,,,,,,,,,
seachpa,a,660.1791937,1685.636315,2879.401281,seachpa,ə,528.411259,1250.996618,2688.238031,seachpa,_,1555.207259,2575.994453,3436.11426,seachpa,a,643.3222964,1561.973829,2891.877059,seachpa,x,784.1253418,1642.750467,2959.117149,seachpa,closure,952.5268455,2402.714112,3524.781061,seachpa,p burst,203.2453307,1139.477679,2628.923225,seachpa,_,444.8259379,1147.421374,2678.75879,,,,,,,,,,,,,,,,,,,,,,,,,,,,,,,,,,,
seachsii-2,a,565.7290491,1522.418514,2734.854055,seachsii-2,i:,316.2945601,1808.400054,2978.555643,seachsii-2,_,1651.471369,2577.261282,3386.36041,seachsii-2,a,612.3009045,1557.694036,2754.68467,seachsii-2,x,796.4824264,1914.635251,3068.922107,seachsii-2,s,1398.03371,2639.203675,3434.109564,seachsii-2,i,334.7527683,1851.429668,3048.841715,,,,,,,,,,,,,,,,,,,,,,,,,,,,,,,,,,,,,,,,
seachsii-3,a,663.8987403,1682.972507,2801.019927,seachsii-3,i:,313.5839203,1913.313268,2994.555152,seachsii-3,_,1576.680291,2569.319231,3443.178466,seachsii-3,a,658.7451842,1641.765226,2805.174213,seachsii-3,x,866.6073299,1737.470838,2783.223024,seachsii-3,s,1510.343403,2633.707575,3444.5009,seachsii-3,i,333.8407345,1883.090229,2918.229055,,,,,,,,,,,,,,,,,,,,,,,,,,,,,,,,,,,,,,,,
seachsii,a,586.0484081,1466.662132,2752.776123,seachsii,i:,309.0399944,1975.950799,3060.935911,seachsii,_,1241.872038,2340.577327,3181.899994,seachsii,a,608.5798116,1617.371777,2669.947293,seachsii,x,824.1570647,1740.577765,2743.844057,seachsii,s,1398.602068,2654.219048,3576.072403,seachsii,i,320.5662765,1920.908868,3058.556965,,,,,,,,,,,,,,,,,,,,,,,,,,,,,,,,,,,,,,,,
seachtach-2,a,585.944941,1658.196469,2842.143059,seachtach-2,ə,622.545727,1760.092832,2675.55844,seachtach-2,x,1018.073044,2418.272139,3381.69129,seachtach-2,_,1301.214387,2336.991091,3240.001864,seachtach-2,a,675.1698822,1752.393501,2933.549385,seachtach-2,x,1209.799503,2625.317813,3446.150266,seachtach-2,closure,1504.717363,2876.076995,3853.656104,seachtach-2,t burst,1025.087723,1971.82944,3265.095507,seachtach-2,_,446.7310486,1165.107651,2619.500795,seachtach-2,x,969.0361311,2336.161598,3225.581577,,,,,,,,,,,,,,,,,,,,,,,,,
seachtach-3,a,652.2646155,1722.355938,2958.5255,seachtach-3,ə,518.335267,1191.94046,2627.350878,seachtach-3,x,928.6255331,2128.758448,2868.178019,seachtach-3,_,1433.639924,2425.878381,3310.910987,seachtach-3,a,650.9896572,1657.155624,2916.333787,seachtach-3,x,1140.073897,1994.231109,2959.380721,seachtach-3,closure,1526.798794,2799.559424,3635.456533,seachtach-3,t burst,478.7386613,1823.942623,3024.919858,seachtach-3,_,458.2995474,1099.330045,2604.402201,seachtach-3,x,1036.731345,2360.527386,3141.142562,,,,,,,,,,,,,,,,,,,,,,,,,
seachtach,a,546.667381,1343.161167,2671.109752,seachtach,ə,464.1069852,1350.379201,2531.164358,seachtach,x,1022.020856,2296.858035,3307.260895,seachtach,_,1374.093472,2296.221134,3269.932635,seachtach,a,625.2699883,1603.625746,2552.980841,seachtach,x,1011.028969,2164.097466,3297.215641,seachtach,closure,1233.480923,2644.430418,3562.8683,seachtach,t burst,510.7192451,1532.36665,2865.162418,seachtach,_,448.5596672,1111.048138,2534.437996,seachtach,x,960.8699445,2153.947608,3156.046229,,,,,,,,,,,,,,,,,,,,,,,,,
seachtoo-2,a,592.1075229,1324.542354,2601.087393,seachtoo-2,o:,982.9550309,2219.924235,3381.776802,seachtoo-2,o,524.3668998,1434.817193,2597.752192,seachtoo-2,_,1298.429571,2463.607159,3438.604765,seachtoo-2,a,735.0940651,1715.641723,2753.901597,seachtoo-2,x,1158.186272,2095.127886,3128.008966,seachtoo-2,closure,1091.744187,2444.136542,3448.876583,seachtoo-2,t burst,422.3441771,1492.873276,2869.998373,seachtoo-2,o,458.9055585,1217.217422,2575.832411,,,,,,,,,,,,,,,,,,,,,,,,,,,,,,
seachtoo-3,a,696.224394,1604.536171,2615.706771,seachtoo-3,o:,1087.836801,2389.051658,3329.623305,seachtoo-3,o,469.5928363,1313.964964,2633.249617,seachtoo-3,_,1380.174824,2416.216309,3287.700633,seachtoo-3,a,695.7949769,1699.55551,2923.290193,seachtoo-3,x,853.6939007,2113.83638,3098.122903,seachtoo-3,_,1247.134578,2534.304818,3523.944111,seachtoo-3,o,508.7918915,1251.755913,2595.808687,,,,,,,,,,,,,,,,,,,,,,,,,,,,,,,,,,,
seachtoo,a,441.5918177,1276.402087,2748.003918,seachtoo,o:,1420.705008,2557.354899,3543.818163,seachtoo,o,395.9340242,1028.594608,2841.939456,seachtoo,_,1452.56951,2430.405051,3318.127693,seachtoo,a,477.7801321,1441.745587,2665.546907,seachtoo,x,1067.189925,2114.220838,3045.508428,seachtoo,_,1429.909121,2576.103952,3354.800473,seachtoo,o,442.7706281,1131.5135,3076.431714,,,,,,,,,,,,,,,,,,,,,,,,,,,,,,,,,,,
seachtuu-2,a,377.8956256,1146.944098,2624.849162,seachtuu-2,u:,430.1071111,1396.096414,2784.525967,seachtuu-2,_,1418.160016,2346.984371,3341.843384,seachtuu-2,a,629.8500549,1723.447053,2811.555198,seachtuu-2,x,906.7158095,1910.48043,2997.451478,seachtuu-2,closure,1273.983662,2549.072737,3431.311307,seachtuu-2,t burst,494.5988684,1556.648044,2838.926761,seachtuu-2,o,402.4784501,1159.943383,2600.58142,,,,,,,,,,,,,,,,,,,,,,,,,,,,,,,,,,,
seachtuu-3,a,523.5211246,1632.587302,2884.213457,seachtuu-3,u:,414.1155658,1258.908697,2582.096006,seachtuu-3,_,1403.069632,2447.676498,3384.132335,seachtuu-3,a,650.7016575,1714.522636,2942.87636,seachtuu-3,x,1020.294604,2000.374678,3078.316335,seachtuu-3,closure,849.4426262,2328.781931,3234.865202,seachtuu-3,t burst,335.5078046,1613.449488,2828.671059,seachtuu-3,u,441.1993596,1224.066647,2557.219187,,,,,,,,,,,,,,,,,,,,,,,,,,,,,,,,,,,
seachtuu,a,572.9231319,1247.902854,2699.832455,seachtuu,u:,389.584668,1111.062786,3165.082317,seachtuu,_,1477.245034,2295.715809,3251.767064,seachtuu,a,574.8572841,1447.075013,2819.456639,seachtuu,x,1014.660278,2274.635746,3327.098005,seachtuu,_,1083.719248,2502.29191,3438.800895,seachtuu,o,469.273032,1287.096592,2980.412145,,,,,,,,,,,,,,,,,,,,,,,,,,,,,,,,,,,,,,,,
seceach-2,e,433.2266428,1754.316281,2793.435215,seceach-2,ə,602.8108119,1658.053059,2779.158366,seceach-2,x,910.8573658,1845.466561,2964.103989,seceach-2,_,1623.477591,2509.421186,3453.471532,seceach-2,e,425.6812035,1941.12086,2840.095773,seceach-2,closure,903.0548872,2202.453663,3174.557111,seceach-2,k burst,1141.610326,2128.429184,3047.309845,seceach-2,_,500.9815806,1452.45793,2498.870306,seceach-2,x,987.4492584,2218.625596,3169.881116,,,,,,,,,,,,,,,,,,,,,,,,,,,,,,
seceach-3,e,367.9419295,1725.929834,2756.765388,seceach-3,ə,555.9758768,1706.322453,2963.416144,seceach-3,x,832.651522,1354.270542,2763.84225,seceach-3,_,1591.156287,2451.988968,3388.460898,seceach-3,e,329.3852067,1857.988864,3132.62946,seceach-3,closure,537.6967637,1925.283457,3079.23723,seceach-3,k_ burst,1365.451122,2202.861516,3418.511873,seceach-3,_,566.3784423,1601.513851,2922.858503,seceach-3,x,968.7792106,2439.770575,3515.501063,,,,,,,,,,,,,,,,,,,,,,,,,,,,,,
seceach,e,387.549808,1934.812117,3022.236814,seceach,ə,520.2090726,1471.383007,2688.118979,seceach,x,981.8204365,2026.417985,2969.482103,seceach,_,1260.308474,2341.536744,3361.752232,seceach,e,481.1310895,1739.10125,2947.700786,seceach,closure,1201.388045,2437.249935,3316.579024,seceach,k burst,1593.823374,2324.022281,3622.749532,seceach,_,606.655283,1515.056982,2712.385768,seceach,x,1153.562328,2066.516178,3070.58281,,,,,,,,,,,,,,,,,,,,,,,,,,,,,,
seeseach-2,e:,383.8397991,1659.247902,2766.514346,seeseach-2,ə,1557.455443,2591.795528,3415.606832,seeseach-2,_,510.6437444,1338.759653,2362.00358,seeseach-2,x,889.9953501,1688.554522,2751.04053,seeseach-2,_,1582.178151,2441.425626,3391.422866,seeseach-2,e,469.2235147,1744.696779,2693.622959,seeseach-2,_,1163.714142,2303.553622,3229.90751,seeseach-2,_,617.720285,1655.606031,2709.057204,seeseach-2,x,1042.995365,2258.009175,3161.085796,,,,,,,,,,,,,,,,,,,,,,,,,,,,,,
seeseach-3,e:,374.3813595,1997.767277,3186.969588,seeseach-3,ə,486.6586104,1716.372913,2790.47657,seeseach-3,x,1022.513982,2135.245108,3218.955462,seeseach-3,_,1570.943686,2438.038069,3277.09414,seeseach-3,e,375.2035334,1888.687973,3115.213832,seeseach-3,_,1705.605333,2466.014002,3361.635932,seeseach-3,_,475.9744138,1333.64841,2485.340438,seeseach-3,x,954.5693534,1865.742134,2845.779619,,,,,,,,,,,,,,,,,,,,,,,,,,,,,,,,,,,
seeseach,e:,422.5017842,1550.849581,2746.42256,seeseach,ə,1646.073896,2453.95487,3390.465934,seeseach,_,693.3147918,1779.381781,2867.359483,seeseach,x,893.7444575,2240.097653,3216.798814,seeseach,_,1498.069397,2474.317108,3384.357862,seeseach,e,442.0264134,1630.935689,2718.339164,seeseach,_,1361.026303,2386.537272,3246.772194,seeseach,_,526.5751974,1345.019787,2567.02296,seeseach,x,1008.072419,2386.31682,3431.161162,,,,,,,,,,,,,,,,,,,,,,,,,,,,,,
siicee-2,i:,306.3896434,2146.794911,3093.76821,siicee-2,e:,460.63748,1504.653198,2768.160339,siicee-2,_,1823.444732,2694.028116,3454.611107,siicee-2,i,295.8704932,2138.702126,3042.443572,siicee-2,closure,750.1938772,2308.647299,3229.17822,siicee-2,k burst,1212.806793,2294.173497,3126.955395,siicee-2,e,488.3608539,1711.340964,2873.271895,,,,,,,,,,,,,,,,,,,,,,,,,,,,,,,,,,,,,,,,
siicee-3,i:,304.2295731,1907.744349,2932.465117,siicee-3,e:,494.2558537,1798.538237,2823.893875,siicee-3,_,1335.114393,2454.556158,3351.751652,siicee-3,i,303.1440943,2136.16722,3204.81844,siicee-3,closure,1209.064466,2207.334754,3349.778759,siicee-3,k burst,1585.344648,2454.434851,3593.841897,siicee-3,e,391.9816256,1627.90308,2754.093514,,,,,,,,,,,,,,,,,,,,,,,,,,,,,,,,,,,,,,,,
siicee,i:,313.8685844,2071.899215,3186.161299,siicee,e:,392.3400807,1721.786011,2767.01074,siicee,_,1560.122591,2616.836427,3334.164141,siicee,i,300.1866639,2144.151481,3141.8197,siicee,closure,733.8102288,2015.165064,2596.64842,siicee,k burst,1452.270287,2307.946862,3170.795142,siicee,e,364.916558,1881.486271,3044.842674,,,,,,,,,,,,,,,,,,,,,,,,,,,,,,,,,,,,,,,,
siopa-2,o,562.5145809,1582.080123,2807.763586,siopa-2,ə,514.6506887,1460.880604,2755.665121,siopa-2,_,1396.838941,2348.307939,3281.098668,siopa-2,_,397.095583,1329.614308,2487.419591,siopa-2,closure,544.0870679,1551.901162,3016.181147,siopa-2,p burst,283.0239385,1284.613812,2462.756255,siopa-2,_,561.4852712,1635.560113,2943.062921,,,,,,,,,,,,,,,,,,,,,,,,,,,,,,,,,,,,,,,,
siopa-3,o,418.7053547,1402.61943,2448.501851,siopa-3,ə,573.4919617,1475.256488,2868.877834,siopa-3,_,1403.105195,2280.300863,3255.881206,siopa-3,_,448.6485997,1393.428283,2655.964105,siopa-3,closure,484.364155,1538.52908,3081.450854,siopa-3,p burst,517.1678155,1518.064389,2809.687346,siopa-3,_,428.4175545,1367.633821,2620.380563,,,,,,,,,,,,,,,,,,,,,,,,,,,,,,,,,,,,,,,,
siopa,o,386.2327699,1215.725821,2422.725886,siopa,ə,645.9512488,1575.475932,2822.461817,siopa,_,1430.094985,2505.33916,3356.720016,siopa,creak,415.7494793,1302.134604,2682.776326,siopa,closure,1116.800644,2299.26342,3518.000164,siopa,p burst,611.0729633,1467.653382,2963.956,siopa,_,433.4269663,1202.016801,2467.066121,,,,,,,,,,,,,,,,,,,,,,,,,,,,,,,,,,,,,,,,
soopa-2,o:,525.2207276,1364.479236,2506.170596,soopa-2,ə,543.144998,1212.541892,2621.319134,soopa-2,s,1525.401819,2709.512172,3550.065191,soopa-2,o,504.874109,1329.648853,2517.199277,soopa-2,closure,504.5937147,1845.996113,3146.949567,soopa-2,p burst,503.2408916,1741.315233,3015.815011,soopa-2,_,412.824799,1432.492994,2712.493435,,,,,,,,,,,,,,,,,,,,,,,,,,,,,,,,,,,,,,,,
soopa-3,o:,523.2861405,1372.033978,2322.675312,soopa-3,ə,541.9121592,1299.11224,2548.203556,soopa-3,s,1377.887016,2582.700678,3590.265459,soopa-3,o,498.0739395,1376.271553,2617.6795,soopa-3,closure,594.9077287,1876.514223,3259.691702,soopa-3,p burst,638.6574298,1787.862084,2998.041937,soopa-3,_,344.7686219,1141.685704,2734.371442,,,,,,,,,,,,,,,,,,,,,,,,,,,,,,,,,,,,,,,,
soopa,o:,492.4842293,1333.322968,2387.603562,soopa,ə,566.782529,1606.93896,2808.39862,soopa,s,1028.303723,2400.762489,3354.768574,soopa,o,400.4833499,1137.87117,2307.904866,soopa,closure,635.6500131,2232.144619,3304.724832,soopa,p burst,399.7461275,1471.774102,2744.633908,soopa,_,528.3961615,1421.187813,2802.040792,,,,,,,,,,,,,,,,,,,,,,,,,,,,,,,,,,,,,,,,
tachpaa-2,a,640.1834612,1696.707524,2945.243159,tachpaa-2,a:,655.2458741,1644.19682,2688.918975,tachpaa-2,closure,998.9621653,2210.074026,3508.19943,tachpaa-2,t burst,635.339615,1820.433881,2995.439435,tachpaa-2,a,699.3750445,1617.324153,2888.334847,tachpaa-2,x,1019.729378,2457.675476,3521.316794,tachpaa-2,closure,840.4032304,1963.983751,3213.882696,tachpaa-2,p burst,551.9284264,1563.471726,2891.162758,tachpaa-2,a,707.7473543,1614.098006,2761.004715,,,,,,,,,,,,,,,,,,,,,,,,,,,,,,
tachpaa-3,a,724.3783189,1648.568548,2837.199835,tachpaa-3,a:,549.8729197,1383.877121,2729.458409,tachpaa-3,closure,908.3523077,2388.203238,3531.434632,tachpaa-3,t burst,689.0041408,1573.430268,2949.775917,tachpaa-3,a,758.8969371,1802.579821,2750.446332,tachpaa-3,x,786.60152,1437.440827,2872.495578,tachpaa-3,closure,1050.72247,2516.058369,3513.397124,tachpaa-3,p burst,271.8952705,1307.871739,2624.702468,tachpaa-3,a,569.8944319,1423.771981,2686.478897,,,,,,,,,,,,,,,,,,,,,,,,,,,,,,
tachpaa,a,652.8380752,1452.732704,2551.442198,tachpaa,a:,518.388828,1242.540152,2816.539045,tachpaa,closure,1043.543906,2589.276035,3542.575841,tachpaa,t burst,709.7439797,2009.744574,3029.957011,tachpaa,a,579.4345024,1404.423263,2773.501998,tachpaa,x,851.9435709,2277.363414,3206.83686,tachpaa,closure,944.4408659,2425.877931,3424.852741,tachpaa,p burst,309.5845637,1281.45078,2538.240949,tachpaa,a,583.3357247,1291.880373,2635.7545,,,,,,,,,,,,,,,,,,,,,,,,,,,,,,
tachta-2,a,664.2198444,1346.944803,2556.938057,tachta-2,ə,606.485391,1671.1115,2523.740059,tachta-2,x,916.6989448,1824.164324,2977.5989,tachta-2,closure,783.5108996,2036.039671,3107.946705,tachta-2,t burst,843.2765726,1967.322333,3022.962132,tachta-2,a,694.1225739,1359.617281,2557.570265,tachta-2,x,1146.525032,2047.340591,3329.498085,tachta-2,closure,1178.493061,2331.384985,3332.20362,tachta-2,t burst,921.5545241,2003.032322,3220.313557,tachta-2,_,494.6794514,1551.923842,2777.850626,,,,,,,,,,,,,,,,,,,,,,,,,
tachta-3,a,701.1696867,1664.028553,2785.109399,tachta-3,ə,667.113642,1661.93203,2825.674421,tachta-3,closure,564.4130298,2327.958844,3305.757225,tachta-3,t burst,1109.4144,2326.678634,3131.70249,tachta-3,a,654.9167129,1595.027536,2794.53971,tachta-3,x,1044.14554,2126.154344,3161.733473,tachta-3,_,1221.892412,2538.420605,3454.602975,tachta-3,_,567.3949772,1566.339269,2845.642895,,,,,,,,,,,,,,,,,,,,,,,,,,,,,,,,,,,
tachta,a,727.0500022,1685.764234,2831.952195,tachta,ə,620.9351331,1649.861814,2809.796524,tachta,closure,794.4982399,2297.157121,3424.40039,tachta,t burst,932.2625828,2091.98161,3152.557647,tachta,a,663.8037954,1625.605682,2741.137329,tachta,x,1172.158093,2054.604199,3121.744211,tachta,_,1576.187163,2602.560025,3615.253486,tachta,_,415.5586796,1483.571654,2716.82886,,,,,,,,,,,,,,,,,,,,,,,,,,,,,,,,,,,
tachtach-2,a,669.888094,1675.98054,2566.229541,tachtach-2,ə,551.9063503,1380.956269,2595.685542,tachtach-2,x,1051.340386,2460.681664,3351.401738,tachtach-2,closure,1008.746445,2440.486215,3407.39324,tachtach-2,t burst,516.0869434,1491.772609,2857.659425,tachtach-2,a,663.8758478,1599.611284,2671.086628,tachtach-2,x,979.5843472,1973.690731,2954.063479,tachtach-2,_,1289.037364,2699.782571,3546.58939,tachtach-2,_,520.0229672,1236.722588,2513.686323,tachtach-2,x,1006.350559,2396.315906,3258.0981,,,,,,,,,,,,,,,,,,,,,,,,,
tachtach-3,a,790.6327287,1597.506021,2743.320362,tachtach-3,ə,626.3896915,1505.305573,2793.998884,tachtach-3,x,941.8333008,2080.007165,2868.165312,tachtach-3,closure,834.2403563,2173.394634,3268.054132,tachtach-3,t burst,371.0432391,1467.27205,2729.930517,tachtach-3,a,774.3344148,1765.045882,2990.352398,tachtach-3,x,1006.468359,2055.241621,3053.201948,tachtach-3,closure,1463.12852,2573.15867,3632.689047,tachtach-3,t burst,898.8520357,1942.356102,3170.276509,tachtach-3,_,580.1245487,1465.388054,2870.490235,tachtach-3,x,1003.488043,2104.12392,3034.944367,,,,,,,,,,,,,,,,,,,,
tachtach,a,749.0311979,1539.929062,2773.672645,tachtach,ə,520.7021012,1128.793933,2610.99469,tachtach,x,1050.748941,2218.492594,3127.248135,tachtach,closure,753.4332816,2310.252977,3207.779442,tachtach,t burst,721.2003726,1921.002534,3093.281495,tachtach,a,755.7264496,1760.483502,2640.459485,tachtach,x,815.3107463,1821.039218,2991.774459,tachtach,closure,1223.876731,2676.73072,3523.449168,tachtach,t burst,462.6060555,1586.416436,2771.08897,tachtach,_,496.1691439,1209.977666,2593.636061,tachtach,x,911.8078524,2241.93092,3191.327178,,,,,,,,,,,,,,,,,,,,
tacii-2,a,561.7513456,1443.357734,2821.910139,tacii-2,i:,292.9629601,2031.056329,3018.895677,tacii-2,closure,452.4634351,1608.118218,2948.541952,tacii-2,t burst,712.2822982,1905.31103,2967.271238,tacii-2,a,516.8498541,1539.795277,2867.315736,tacii-2,closure,832.8678989,1655.404258,2988.942353,tacii-2,k burst,1369.352042,2235.06899,3172.705191,tacii-2,i,311.2153154,1779.818234,2907.424368,,,,,,,,,,,,,,,,,,,,,,,,,,,,,,,,,,,
tacii-3,a,543.5531661,1450.59829,2468.785569,tacii-3,i:,357.5283785,1676.914924,2869.552047,tacii-3,closure,1173.781441,2506.619218,3492.895033,tacii-3,t burst,523.4258915,1716.395331,2858.760718,tacii-3,a,525.5080273,1558.734161,2456.847387,tacii-3,closure,892.8879545,1755.076152,3070.858872,tacii-3,k burst,1267.777476,2161.509281,3015.052125,tacii-3,i,305.5453843,2010.449523,2819.4686,,,,,,,,,,,,,,,,,,,,,,,,,,,,,,,,,,,
tacii,a,610.5464691,1527.63381,2759.798358,tacii,i:,268.6025713,2121.613427,3034.068506,tacii,closure,942.836566,2607.12638,3572.192214,tacii,t burst,638.6299427,1721.801711,2905.311239,tacii,a,506.8806279,1285.743681,2795.300252,tacii,closure,696.0733504,1618.729789,3052.076948,tacii,k burst,753.7245975,1807.347854,2754.481489,tacii,i,291.337087,2078.884837,3018.889852,,,,,,,,,,,,,,,,,,,,,,,,,,,,,,,,,,,
tacuu-2,a,614.6764956,1429.959904,2448.079605,tacuu-2,u:,411.6542995,1189.918445,2676.523434,tacuu-2,closure,1270.93165,2659.424158,3507.785276,tacuu-2,t burst,585.274973,1554.744033,3032.297218,tacuu-2,a,540.6027051,1594.733349,2691.214934,tacuu-2,closure,768.0635888,1676.806392,2993.660251,tacuu-2,k burst,844.8628209,1270.460816,2699.186984,tacuu-2,u,351.8488901,1264.213485,2652.371835,,,,,,,,,,,,,,,,,,,,,,,,,,,,,,,,,,,
tacuu-3,a,623.85187,1502.426607,2800.721559,tacuu-3,u:,419.2072461,1178.748431,2751.297357,tacuu-3,closure,891.1926893,2252.830311,3311.197475,tacuu-3,t burst,1202.829867,2245.468593,3304.299766,tacuu-3,a,547.9778092,1584.514038,2529.060876,tacuu-3,closure,702.7650744,1544.830625,3016.716312,tacuu-3,k burst,1125.031312,2205.331068,3164.166266,tacuu-3,o,436.135508,1207.399093,2813.743884,,,,,,,,,,,,,,,,,,,,,,,,,,,,,,,,,,,
tacuu,a,515.8293919,1481.375472,2685.363169,tacuu,u:,325.5767684,1032.649795,2666.246198,tacuu,closure,837.6321641,2380.152609,3367.304591,tacuu,t burst,736.0859245,1851.068705,3087.482119,tacuu,a,563.2517471,1419.704834,2725.256987,tacuu,closure,685.285944,1451.506799,2888.036066,tacuu,k burst,775.9680175,1423.947699,2923.563898,tacuu,u,320.3205398,1046.929377,2622.014236,,,,,,,,,,,,,,,,,,,,,,,,,,,,,,,,,,,
tosach-2,ə,269.658257,1437.940527,2818.570094,tosach-2,a,596.7576864,1271.808281,2449.77991,tosach-2,x,948.6053559,1730.158214,2978.403406,tosach-2,closure,917.6507804,2238.809136,3424.936633,tosach-2,t burst,679.4629809,1940.428807,3112.349991,tosach-2,_,274.3984414,1303.80152,2988.326855,tosach-2,s,1347.986636,2578.77993,3580.998138,tosach-2,a,660.2369902,1464.300709,2561.353943,tosach-2,x,976.9853821,2004.33708,3007.034931,,,,,,,,,,,,,,,,,,,,,,,,,,,,,,
tosach-3,ə,344.4448828,1251.171889,2604.147048,tosach-3,a,693.1623958,1446.304881,2415.834616,tosach-3,x,868.499852,1315.785785,2797.767099,tosach-3,closure,1263.447958,2642.198512,3399.531765,tosach-3,t burst,711.5341454,1996.973375,3233.435323,tosach-3,_,294.1911,1515.197492,3007.684677,tosach-3,s,1309.589168,2648.064607,3597.068128,tosach-3,a,645.271673,1398.143653,2779.826029,tosach-3,x,943.5307593,1615.968787,3093.343802,,,,,,,,,,,,,,,,,,,,,,,,,,,,,,
tosach,ə,437.8134405,1474.6408,2992.72102,tosach,a,640.4398496,1373.965104,2670.979467,tosach,x,941.1016168,2453.437344,3356.221675,tosach,closure,867.3509871,2352.57568,3530.288363,tosach,t burst,584.9761198,1943.229781,3176.126161,tosach,_,332.3965707,1499.075867,3023.648532,tosach,s,1241.665106,2605.829436,3501.892158,tosach,a,649.1348172,1440.810747,2847.626526,tosach,x,773.3967456,1288.650457,2870.761078,,,,,,,,,,,,,,,,,,,,,,,,,,,,,,
tosii-2,o,625.8932711,1600.458909,2788.999902,tosii-2,i:,352.0403259,1920.941059,2961.227682,tosii-2,closure,1150.919482,2568.681856,3677.639333,tosii-2,t burst,741.2650818,1964.624159,3202.233092,tosii-2,a,523.3292964,1586.646421,2689.953026,tosii-2,s,1355.546802,2693.170309,3540.226138,tosii-2,i,320.7661541,1774.066801,2925.680735,,,,,,,,,,,,,,,,,,,,,,,,,,,,,,,,,,,,,,,,
tosii-3,o,489.2698486,1513.375848,2736.880622,tosii-3,i:,345.0715749,2022.931355,3016.158173,tosii-3,closure,968.8557193,2629.613405,3636.744293,tosii-3,t burst,818.5620566,2024.116025,3164.539614,tosii-3,_,476.2080909,1447.186799,2416.54319,tosii-3,s,1386.701363,2631.608804,3428.5211,tosii-3,i,340.2892843,1796.570208,2992.538682,,,,,,,,,,,,,,,,,,,,,,,,,,,,,,,,,,,,,,,,
tosii,o,632.0385539,1582.737472,2872.871632,tosii,i:,316.6501289,1851.701202,3028.591753,tosii,closure,904.2286906,2191.135865,3370.505225,tosii,t burst,812.6776507,1906.894258,3117.700396,tosii,_,470.5812241,1565.051194,2735.182813,tosii,s,1445.536646,2678.774085,3443.360534,tosii,i,317.7031076,1945.968737,2995.749789,,,,,,,,,,,,,,,,,,,,,,,,,,,,,,,,,,,,,,,,
tuutach-2,u:,555.893572,1577.38159,2749.153234,tuutach-2,ə,514.7727376,1199.929447,2855.701209,tuutach-2,x,908.4066936,1879.561765,3017.06678,tuutach-2,closure,1220.115666,2692.440404,3480.977277,tuutach-2,t burst,665.2806734,1783.727233,3118.463938,tuutach-2,u,427.1261559,1297.006293,2643.66792,tuutach-2,closure,1313.790526,2566.933596,3435.715271,tuutach-2,t burst,1026.012934,2395.013053,3283.904363,tuutach-2,_,558.5952096,1518.291137,2847.40437,tuutach-2,x,1013.029461,2513.380744,3400.990379,,,,,,,,,,,,,,,,,,,,,,,,,
tuutach-3,u:,376.9533951,1181.241187,2604.450542,tuutach-3,ə,538.5871615,1179.24881,2752.922757,tuutach-3,x,970.4326407,2043.215785,3057.858337,tuutach-3,closure,925.8668104,2337.755215,3255.192442,tuutach-3,t burst,760.9564682,1991.616264,3157.417266,tuutach-3,u,372.8398057,1263.15403,2549.690292,tuutach-3,closure,1396.357132,2622.524023,3495.737182,tuutach-3,t burst,507.8029945,1605.872626,2989.012819,tuutach-3,_,472.1067854,1313.972834,2719.427915,tuutach-3,x,885.2977111,2126.108,3382.796196,,,,,,,,,,,,,,,,,,,,,,,,,
tuutach,u:,458.7521724,1299.718883,2668.44484,tuutach,ə,561.6390984,1474.716187,2638.280777,tuutach,x,869.7883737,2133.425516,3185.423701,tuutach,closure,1189.370295,2595.427956,3555.528922,tuutach,t burst,614.3984842,1676.884913,2969.139786,tuutach,u,332.2148818,1265.489148,2535.246449,tuutach,closure,1054.845825,2359.080856,3623.991677,tuutach,t burst,632.0549662,1771.283508,3094.403523,tuutach,_,602.084519,1542.434907,2948.028803,tuutach,x,981.9747841,2624.796986,3571.226311,,,,,,,,,,,,,,,,,,,,,,,,,
vootii-2,o:,497.171595981136,1309.55433005483,2391.68943629303,vootii-2,i:,306.0979791,2040.229658,3054.859238,vootii-2,o,517.8047058,1581.830744,2409.01236,vootii-2,closure,911.508978,2215.056712,3333.93503,vootii-2,t,232.4611052,1535.204234,2762.634178,vootii-2,i,354.2054725,1586.695921,2764.588936,,,,,,,,,,,,,,,,,,,,,,,,,,,,,,,,,,,,,,,,,,,,,
vootii-3,o:,420.61464104238,1261.49388804842,2341.87670117452,vootii-3,i:,301.6342383,2048.45204,2968.195867,vootii-3,o,431.9317296,1242.845552,2438.115928,vootii-3,closure,674.5240487,2294.198303,3210.003516,vootii-3,t burst,1002.060384,2362.96933,3484.326813,vootii-3,i,353.6692971,1892.989109,2983.588813,,,,,,,,,,,,,,,,,,,,,,,,,,,,,,,,,,,,,,,,,,,,,
vootii,o:,483.422216581249,1112.25617254278,2312.53083913873,vootii,i:,312.2965037,1935.547014,2996.804391,vootii,o,429.557985,1284.584595,2743.426427,vootii,closure,727.8162667,2204.664488,3244.050087,vootii,t burst,948.3941248,2212.106882,3381.204457,vootii,i,278.4078231,1995.450273,2768.353578,,,,,,,,,,,,,,,,,,,,,,,,,,,,,,,,,,,,,,,,,,,,,
